af3_idx,data,,,,,,,,,,,,,,,
4.mpnn_v9,diff_86,0,MLRRYRFTLHDDPTIPRAEVIAALLAAIPGITAAQAEALVDEADAHGEATLDFEALPEEVARGRAIFAALGIPASIEELP,YAA, 98.191103774405, 98.25506599927851, 96.48544444444445, 0.91, 0.9,-29.15053894886907, 19.33142857142857, 20, 2.3399999999999976, 14, 2.1857142857142873, 13.562857142857142
4.mpnn_v9,diff_86,1,MLRRYRFTLRDDPTIPRAEVIAALLAAIPGITRAQAEALVDEAEANGEATLEFEALPEEVERGRAIFAALGIPASIEELP,YAA, 98.32016880509049, 98.40532930194806, 96.04922222222223, 0.92, 0.9,-27.250588309080477, 17.41857142857143, 18, 2.2611111111111137, 12, 2.0499999999999923, 11.64857142857143
4.mpnn_v9,diff_86,2,MLRRYRFTLRDDPTVPRAAVVAALLAGIPGITAAQAEALVAEAEAHGEATLEFEALDEEVARGRALFAAAGIPASIERLP,YAA, 98.09396482901303, 98.23041559343434, 94.45527777777778, 0.91, 0.88,-27.082253625758444, 17.27285714285714, 18, 2.827777777777783, 12, 2.6499999999999964, 11.545714285714286
4.mpnn_v9,diff_86,3,MLKRYRFTLRDDPTIPREEVIAALLEAIPGITEEQARALVDEADAHGEATLEFEALDEEVERGRAIFAARGIPASIEELP,YAA, 98.05245049027279, 98.10564030032468, 96.63405555555555, 0.91, 0.89,-29.086673620455848, 19.28142857142857, 20, 2.515000000000009, 14, 2.407142857142844, 13.51857142857143
4.mpnn_v9,diff_86,4,MLKRYRFTLYDDPTIPRARVIAALLEAIPGITAAQARALVDEAEANGVATLDFEALDEEVERGRAIFAALGIPASIERLP,YAA, 97.51540905179158, 97.70826814123376, 92.3725, 0.89, 0.83,-28.660112333750593, 18.908571428571435, 20, 3.8199999999999816, 12, 3.3500000000000036, 11.425714285714285
4.mpnn_v9,diff_86,5,MLKRYRFTLHDDPTIPRERVIEALLEAIPGITREEAEALVDEAERNGEATLEFEALDEEVERGRAIFAAAGIPASIERLP,YAA, 97.88360319633512, 97.97241331619769, 95.51533333333333, 0.91, 0.88,-27.12836031963351, 17.34, 18, 2.566666666666669, 12, 2.291666666666657, 11.60714285714286
4.mpnn_v9,diff_86,6,MLKRYRFTLRDDPTIPRAKVIEALLKAIPGITREEAEALVAEADAKGEATLEFEALDEEVEKGIAIFKELGIPASIEELP,YAA, 97.23779126027921, 97.30427926587302, 95.46477777777778, 0.9, 0.89,-29.95235055459935, 20.228571428571428, 21, 2.5714285714285716, 14, 2.392857142857151, 13.52142857142857
4.mpnn_v9,diff_86,7,MLRRYRFTLYDDPTIPRERVIAALLEGIPGITEAEAEALVDEADRNGVATLDFEALPEEVERGRALFAAAGIPASIEELP,YAA, 98.04970153775274, 98.13251326208513, 95.8413888888889, 0.91, 0.89,-29.07068443948956, 19.265714285714285, 20, 2.5700000000000047, 14, 2.3642857142856997, 13.52714285714286
4.mpnn_v9,diff_86,8,MLKRYRFTLKDDPTIPRAEVIAALLAAIPGITRAQAEALVAEAEAKGEATLDFEALDEEVERGRAIFAALGIPASIEELP,YAA, 97.30210992889306, 97.53976613455988, 90.96461111111113, 0.89, 0.82,-26.705925278603594, 16.975714285714286, 18, 3.983333333333336, 12, 3.6499999999999964, 11.374285714285715
4.mpnn_v9,diff_86,9,PLRRYRFTLRDDPTIPRAVVIQALLEAIPGITREQAEALVAEAQAHGEATLEFEALDEEVERGRAIFAALGIPASIERLP,YAA, 97.85489001025748, 98.16551088564214, 89.57166666666667, 0.91, 0.81,-22.66406042959718, 12.878571428571428, 14, 5.607142857142857, 7, 5.771428571428577, 6.422857142857143
4.mpnn_v9,diff_86,10,MLRRYRFTLHDDPTIPRARVIAALLAAIPGITEAEARALVAEADAHGVATLEFEALREEVERGRAIFAALGIPASIEELP,YAA, 96.80860303117231, 97.26885272817461, 84.53527777777778, 0.85, 0.65,-17.79657458883152, 8.115714285714285, 9, 6.877777777777788, 7, 6.800000000000003, 6.319999999999999
4.mpnn_v9,diff_86,11,MLRRYRFTLHDDPTIPAARVREALLRGIPGITEAEAEALVAEAQANGKATLDFEALDEEVARGRALFAALGIPASIEELP,YAA, 97.78059196091726, 97.96896832611831, 92.75722222222224, 0.9, 0.84,-27.895202053234584, 18.117142857142856, 19, 3.252631578947378, 13, 2.7384615384615314, 12.491428571428573
4.mpnn_v9,diff_86,12,MLRRYRFTLRDDPTVPRATVIAALLAGIPGITEAQARALVDEAEAHGEATLDFEALPEEVERGRALFAALGIPASIEELP,YAA, 98.1700278907839, 98.31705602002164, 94.24927777777776, 0.91, 0.88,-29.86843136050696, 20.05142857142857, 21, 3.161904761904766, 12, 2.9000000000000057, 11.502857142857142
4.mpnn_v9,diff_86,13,MLKRYRFTLYDDPTIPRARVIAALLAGIPGITEAQARALVDEAERNGVATLEFEALPEEVERGRAIFAALGIPASIEELP,YAA, 97.5617769910812, 97.75627696158008, 92.37511111111111, 0.89, 0.83,-26.767606270536696, 17.011428571428574, 18, 3.8444444444444343, 12, 3.4583333333333237, 11.407142857142858
4.mpnn_v9,diff_86,14,MLKRYRFTLKDDPTIPRARVIAALLEAIPGITAAEAEALVAEAEAKGEATLDFEALDEEVERGRAIFAALGIPASIERLP,YAA, 97.10868066638851, 97.29177494137807, 92.22616666666666, 0.88, 0.82,-28.592296638067424, 18.88142857142857, 20, 3.914999999999998, 12, 3.5333333333333408, 11.394285714285713
4.mpnn_v9,diff_86,15,MLKRYRFTLRDDPTIPRARVIAALLEAIPGITAAQAEALVAEADAHGEATLDFEALDEEVERGRAIFAALGIPASIEELP,YAA, 97.5787450972722, 97.73767928841991, 93.3405, 0.89, 0.86,-29.723588795441508, 19.965714285714288, 21, 3.447619047619041, 13, 3.107692307692306, 12.422857142857143
4.mpnn_v9,diff_86,16,MLRRYRFTLRDDPTIPRARVIEALLEAIPGITEAEARALVDEADRNGEATLDFEALDEEVERGRAIFAALGIPASIERLP,YAA, 97.75230156991603, 97.83014204545455, 95.67655555555557, 0.9, 0.88,-28.0752301569916, 18.299999999999997, 19, 2.5789473684210646, 13, 2.392307692307694, 12.555714285714286
4.mpnn_v9,diff_86,17,MLKRYRFTLRDDPTIPRARVIAALLAGIPGITRAQAEALVAEAQANGEATLEFEALDEEVARGRAIFAAAGIPASIEELP,YAA, 97.48572633825344, 97.69421190927127, 91.9261111111111, 0.89, 0.83,-25.8457154909682, 16.097142857142856, 17, 3.717647058823532, 12, 3.466666666666678, 11.405714285714284
4.mpnn_v9,diff_86,18,MLKRYRFTLRDDPTIPRADVIAALLAAIPGITEEQARALVAEADANGEATLEFEALDEEVARGRAIFAAAGIPASIEELP,YAA, 97.93333600201673, 98.08325901875902, 93.9353888888889, 0.91, 0.86,-28.821905028773102, 19.02857142857143, 20, 3.4, 12, 3.050000000000002, 11.477142857142857
4.mpnn_v9,diff_86,19,MLKRYRFTLRDDPTIPRAEVIAALLAAIPGITAAQAEALVAEAEAKGEATLDFEALDEEVERGRAIFAALGIPASIERLP,YAA, 97.41174551887202, 97.62648180916305, 91.68544444444444, 0.89, 0.84,-27.755460266172914, 18.014285714285712, 19, 3.6315789473684332, 13, 3.4000000000000035, 12.368571428571428
4.mpnn_v9,diff_86,20,MLKRYRFTLYDDPTIPRERVIAALLEAIPGITEEQARALVDEAERNGKATLDFEALDEEVERGKAIFAAAGIPASIEELP,YAA, 97.70032035501313, 97.82037195165945, 94.49894444444443, 0.91, 0.86,-27.971460606929885, 18.201428571428572, 19, 2.9421052631578877, 12, 2.383333333333335, 11.59142857142857
4.mpnn_v9,diff_86,21,MLKRYRFTLRDDPTIPRAEVIAALLEAIPGITREQAEALVAEADARGEATLEFEALDEEVERGRAIFAARGIPASIEELP,YAA, 97.92397263078287, 97.9874882711039, 96.23022222222222, 0.91, 0.9,-29.11954012022114, 19.327142857142853, 20, 2.355000000000018, 14, 2.2714285714285682, 13.545714285714286
4.mpnn_v9,diff_86,22,MLKRYRFTLRDDPTIPEAEVIAALLEAIPGITEAEARALVAEAQARGEATLEFEALDEEVERGRAIFAARGIPASIEELP,YAA, 97.82157718753805, 97.94105716540405, 94.63544444444443, 0.9, 0.86,-29.816443433039517, 20.034285714285712, 21, 3.2190476190476254, 12, 2.6333333333333258, 11.54857142857143
4.mpnn_v9,diff_86,23,MLKRYRFTLYDDPTIPRAEVIAALLAAIPGITAAQAEALVAEADAHGVATLDFEALDEEVARGRAIFAALGIPASIERLP,YAA, 98.13224735739495, 98.21908579996392, 95.81655555555557, 0.9, 0.88,-27.118939021453777, 17.305714285714284, 18, 2.7000000000000077, 12, 2.4999999999999907, 11.571428571428573
4.mpnn_v9,diff_86,24,MLKRYRFTLHDDPTVPRARVIAALLAAIPGITEAEARALVAEAQARGRATLDFEALDEEVARGRAIFAALGIPASIERLP,YAA, 96.20602517863661, 96.99977612283548, 75.03933333333333, 0.85, 0.53,-18.023459660720803, 8.402857142857144, 10, 11.179999999999996, 8, 11.200000000000003, 6.72
4.mpnn_v9,diff_86,25,MLKRYRFTLRDDPTVPRAEVIAALLAAIPGITEAEARALVDEADAHGEATLDFEALDEEVARGRAIFAAAGIPASIEELP,YAA, 98.08589199655766, 98.14871294642857, 96.41066666666667, 0.91, 0.89,-29.115732056798624, 19.307142857142857, 20, 2.425, 14, 2.307142857142862, 13.538571428571428
4.mpnn_v9,diff_86,26,MLKRYRFTLHDDPTVPRAAVRAALLAGIPGITAAQADALVAEADARGRATLDFEALDAEVARGRALFAAAGIPASIERLP,YAA, 97.52026855039206, 97.73415362103177, 91.81666666666666, 0.88, 0.8,-33.953455426467784, 24.20142857142858, 26, 4.84230769230767, 14, 4.321428571428571, 13.135714285714286
4.mpnn_v9,diff_86,27,MLKRYRFTLRDDPTVPRARVIEALLEGIPGITREEAEALVDRAEAEGEATLEFEALDEEVERGRAIFAALGIPASIEELP,YAA, 97.92280229576313, 98.01342196518759, 95.50627777777778, 0.9, 0.88,-28.086565943862027, 18.294285714285714, 19, 2.600000000000005, 12, 2.241666666666665, 11.615714285714287
4.mpnn_v9,diff_86,28,MLKRYRFTLRDDPTIPRAEVIRALLEAIPGITEAEARALVAEADANGEATLDFEALDEEVERGRAIFAALGIPASIEELP,YAA, 97.69458307254995, 97.87827785443724, 92.79605555555555, 0.9, 0.84,-26.86802973582642, 17.098571428571425, 18, 3.505555555555563, 12, 3.199999999999998, 11.451428571428572
4.mpnn_v9,diff_86,29,MLKRYRFTLRDDPTIPRATVIEALLRAIPGITREQAEALVAEADANGEATLEFEALDEEVERGRAIFAALGIPASIEELP,YAA, 98.09683612371563, 98.17342997835497, 96.05433333333333, 0.92, 0.9,-27.225397898085852, 17.415714285714287, 18, 2.2722222222222146, 12, 2.133333333333335, 11.634285714285713
4.mpnn_v9,diff_87,0,MLVRVTVRLRNHPDVPREDVVRVLQEVFGLSEEEARALADEADRHGEVTFEAVVDEAVLRAHEADLPAYGIEVLAVEPV,YAA, 96.83916323953824, 97.22412302500594, 86.70188888888889, 0.88, 0.7,-20.32820203823954, 10.644285714285715, 12, 7.908333333333331, 4, 7.6499999999999915, 3.562857142857143
4.mpnn_v9,diff_87,1,HMVRVTVRLSNRPDVPFEDVVRVLQEVFHLSEEEARRLADEADRFGSVTFSAVVDRDVLEANRDRLPDYGIEILAVEDV,YAA, 97.62817297539858, 97.76783355252341, 93.95044444444444, 0.89, 0.85,-28.625674440397, 18.86285714285714, 20, 3.9800000000000066, 13, 3.7538461538461503, 12.302857142857144
4.mpnn_v9,diff_87,2,MKVRVRVRLSNHPDVPREDVVRVLQEVFGLSPEEAERLADEADRYGSVTFEAVVDRAVLEANRADLPAYGIEILAVEDV,YAA, 96.45743740541302, 96.96668608325572, 83.04722222222222, 0.88, 0.66,-17.707172311969874, 8.061428571428571, 9, 7.300000000000005, 4, 7.674999999999997, 3.5614285714285714
4.mpnn_v9,diff_87,3,PLVRVRVRLSNHPDVPFADVVRVLQEVFGLSREEAERRAAEADRYGSVEFEAVVDAAVLEAHRAELPAYGITVLAVEPV,YAA, 98.3421682856439, 98.39597003488777, 96.92538888888889, 0.91, 0.89,-28.10993111427868, 18.27571428571429, 19, 2.6684210526315573, 13, 2.484615384615381, 12.53857142857143
4.mpnn_v9,diff_87,4,MKVRVTVRLSNHPDVPFEDVVRVLQEVFELSEEEARALAEEADRYGSVTFEAVVDEAVLEAHRDQLPAYGITILAVEPV,YAA, 96.80012952257769, 97.00457747913127, 91.41633333333333, 0.89, 0.86,-31.392870095114912, 21.712857142857143, 23, 3.9173913043478223, 14, 3.592857142857148, 13.28142857142857
4.mpnn_v9,diff_87,5,MKVRVTVRLSNHPDVPREDVVRVLQEVFGLSEEEARRLADEADRYGSVTFSAVVDEAVLEANRDRLPEYGITILAVEPV,YAA, 95.94169997888291, 96.66528141268016, 76.88738888888889, 0.87, 0.53,-13.819884283602576, 4.225714285714286, 5, 10.839999999999998, 1, 12.200000000000003, 0.8257142857142856
4.mpnn_v9,diff_87,6,HMVRVTVRLRNHPDVPREEVVRVLQEVFGLSREEAERLADEADRHGEVTFSAVVDEAVLEAHRADLPAYGIEILAVEPV,YAA, 97.12952025921234, 97.47650837032165, 87.99216666666666, 0.9, 0.77,-29.161523454492666, 19.44857142857143, 21, 5.171428571428567, 14, 5.049999999999995, 12.99
4.mpnn_v9,diff_87,7,MKVRVTVRLSNHPTVPREAVVRVLQEVFELSEEEARRLADEADRFGSVTFTAVVDEAVLNANRAQLPAYGITVLAVEPV,YAA, 96.13666965825502, 96.79580057354742, 78.77955555555555, 0.88, 0.61,-16.647952680111217, 7.034285714285715, 8, 8.449999999999996, 3, 8.866666666666665, 2.62
4.mpnn_v9,diff_87,8,MKVRVTVRLSNNPTVPRADVVRVLQEVFELSREEAEALADEADRYGSVTFEAVVDEAVLEAHRADLPAYGIEVLAVEPV,YAA, 95.66824265301095, 96.40468646683836, 76.27522222222223, 0.86, 0.51,-17.97968140815824, 8.412857142857144, 10, 11.10999999999999, 1, 10.0, 0.8571428571428571
4.mpnn_v9,diff_87,9,PLVRVTVRLSNNPTVPRADVVRVLQEVFGLSEEEARALADEADRYGSVTFSAVVDLAVLEAHRAALPAYGITVLAVEPV,YAA, 97.92081471949459, 98.22224650209142, 89.9831111111111, 0.9, 0.79,-21.856367186235175, 12.064285714285715, 13, 5.038461538461538, 4, 4.275000000000006, 3.7557142857142853
4.mpnn_v9,diff_87,10,MKVRVTVRLSNNPTVKREDVVRVLQEVFELSEEEARALADEADRYGSVTFEAVVDRAVLEANRARLPAYGITVLSVEEV,YAA, 95.64353006106359, 96.29530757393098, 78.48005555555555, 0.87, 0.57,-16.444353006106358, 6.88, 8, 9.800000000000004, 1, 10.399999999999999, 0.8514285714285714
4.mpnn_v9,diff_87,11,MLVRVTVRLSNNPTVPFEDVVRVLQEVFGLSEEEARARAAEADAHGSVTFEAVVDRDVLEAHRAQLPAYGITVLAVEPV,YAA, 98.13740789427374, 98.19199089447824, 96.70005555555554, 0.9, 0.88,-28.030883646570228, 18.217142857142854, 19, 2.884210526315799, 13, 2.6538461538461364, 12.50714285714286
4.mpnn_v9,diff_87,12,MLVRVTVRLSNHPDVPREEVVRVLQEVFGLSREEAEARADEADRTGSVTFSAVVDEAVLEAHRADLPAYGITVLAVEPV,YAA, 97.41896428571428, 97.66782790837851, 90.86555555555556, 0.89, 0.78,-26.579039285714288, 16.837142857142858, 18, 4.522222222222215, 13, 4.138461538461535, 12.231428571428571
4.mpnn_v9,diff_87,13,MLVRVRVRLSNHPDVPFEDVVRVLQEVFGLSREEAERLAAEADRHGSVTFEAVVDEAVLRAHEADLPAYGIEILAVEPV,YAA, 97.95017314697498, 98.01577254918078, 96.22272222222222, 0.9, 0.88,-28.023588743268924, 18.228571428571424, 19, 2.8421052631579067, 13, 2.6461538461538443, 12.508571428571429
4.mpnn_v9,diff_87,14,MKVRVTVTLSNNPTVPREEVVRVLQEVFELSEEEARRLADEADRYGSVTFEAVVDEAVLEANRARLPAYGITIDSVEPV,YAA, 95.4001078335621, 95.83577859517418, 83.92744444444445, 0.85, 0.64,-19.192867926213353, 9.652857142857144, 11, 8.572727272727269, 5, 8.039999999999997, 4.425714285714286
4.mpnn_v9,diff_87,15,MKVRVRVRLSNHPTVPREEVVRVLQEVFELSEEEARRLADEADRFGSVEFEAVVDEAVLEANRDRLPEYGIEILSVEPV,YAA, 94.54605804561292, 95.29792733848429, 74.74683333333333, 0.86, 0.5,-16.11174866170415, 6.657142857142858, 8, 11.749999999999986, 4, 12.799999999999997, 3.2685714285714287
4.mpnn_v9,diff_87,16,HMVRVTVRLSNHPTVPREDVVRVLQEVFGLSEEEARRLADEADRYGSVTFEAVVDRAVLEAHRADLPAYGITVLAVEPV,YAA, 97.03418974589097, 97.43924547463789, 86.36772222222224, 0.89, 0.76,-22.53913326030338, 12.835714285714284, 14, 5.821428571428579, 5, 5.459999999999991, 4.61
4.mpnn_v9,diff_87,17,MLVRVTVRLSNNPTVPFADVVRVLQEVFGLSEEEARALAEEADRFGSVTFEAVVDEDVLNANRDRLPAYGIEVLAVEPV,YAA, 97.9639511535213, 98.03090288508959, 96.20088888888888, 0.9, 0.87,-29.87353797249499, 20.07714285714286, 21, 3.076190476190472, 13, 2.6615384615384547, 12.505714285714287
4.mpnn_v9,diff_87,18,MKVRVTVRLSNHPTVPFADVVRVLQEVFELSEEEARRLAAEADAHGSVTFEAIVDEDVLNAHRADLPAYGITVLAVEPV,YAA, 97.0941766576919, 97.20081838730887, 94.28594444444445, 0.89, 0.86,-28.802274808626333, 19.09285714285714, 20, 3.175, 14, 2.942857142857146, 13.411428571428571
4.mpnn_v9,diff_87,19,MKVRVTVRLSNNPTVPFEDVVRVLQEVFELSEEEARARAEEADRYGSVTFEAVVDEAVLRANEARLPAYGITILAVEPV,YAA, 97.4648374643649, 97.56313930900322, 94.87622222222222, 0.89, 0.86,-27.915055175007915, 18.168571428571425, 19, 3.0631578947368565, 13, 2.815384615384617, 12.477142857142857
4.mpnn_v9,diff_87,20,MKVRVTVRLSNNPTVPRADVVRVLQEVFGLSREEAERLADEADRFGSVTFEAVVDEAVLRAHEADLPAYGIEVLSVEPV,YAA, 96.3951092413684, 96.9691809003233, 81.27788888888888, 0.88, 0.6,-14.909510924136839, 5.27, 6, 8.516666666666671, 4, 8.400000000000006, 3.5199999999999996
4.mpnn_v9,diff_87,21,MLVRVTVELRNHPDVPREDVVRVLQEVFGLSEEEARRLADEADRHGSVTFEAVVDEAVLEANRAALPAYGITILAVEPV,YAA, 97.04901499313694, 97.51610206038686, 84.74905555555556, 0.89, 0.7,-15.964901499313694, 6.260000000000001, 7, 7.399999999999993, 2, 7.0, 1.8
4.mpnn_v9,diff_87,22,MLVRVTVRLSNHPDVPREAVVRVLQEVFGLSREEAERLADEADRHGSVTFEAVVDEDVLNAHRADLPAYGITILSVEPV,YAA, 96.72798083183754, 97.04322693937569, 88.42649999999999, 0.88, 0.71,-20.362798083183755, 10.69, 12, 7.64166666666667, 5, 7.520000000000005, 4.462857142857143
4.mpnn_v9,diff_87,23,PLVRVTVRLSNHPDVPREDVVRVLQEVFGLSREEAERLADEADRHGSVTFTAVVDEAVLEAHRDALPAYGITVLAVEPV,YAA, 97.25640093443141, 97.73583177160393, 84.63138888888888, 0.89, 0.7,-16.885640093443143, 7.16, 8, 7.350000000000001, 3, 6.8666666666666645, 2.705714285714286
4.mpnn_v9,diff_87,24,MKVRVTVRLSNHPTVPREEVVRVLQEVFGLSEEEARRLADEADRYGSVTFEAVVDEDVLNANRAKLPDYGITVLSVEPV,YAA, 95.37123720656037, 95.87681161524831, 82.05777777777779, 0.87, 0.62,-19.935695149227463, 10.398571428571426, 12, 9.341666666666677, 5, 9.320000000000004, 4.334285714285714
4.mpnn_v9,diff_87,25,MLVRVRVRLRNNPTVPFADVVRVLQEVFGLSREEAEARAREADRHGSVTFEAVVDEAVLEANRDRLPAYGIEILAVEPV,YAA, 98.09061782018794, 98.15002735766343, 96.52616666666667, 0.91, 0.88,-28.064776067733078, 18.255714285714284, 19, 2.7421052631579017, 13, 2.5076923076923183, 12.534285714285712
4.mpnn_v9,diff_87,26,MKVRVTVRLSNNPTVPREDVVRVLQEVFELSEEEARRLADEADRYGSVTFEAVVDEAVLEANRDRLPDYGIEILAVEPV,YAA, 95.7061297645444, 96.29484144336676, 80.20338888888888, 0.86, 0.57,-17.384898690740155, 7.814285714285715, 9, 9.222222222222221, 1, 8.700000000000003, 0.8757142857142857
4.mpnn_v9,diff_87,27,MKVKVTITLSNHPTVPFEDVVRVLQEVFGLSEEEARRLAEEADRYGSVTFEAIVDEDVLEANRDKLPAYGITIDSVEPV,YAA, 97.51203337380777, 97.58909371289751, 95.48277777777777, 0.9, 0.88,-28.042631908809348, 18.291428571428572, 19, 2.610526315789469, 13, 2.5307692307692378, 12.53
4.mpnn_v9,diff_87,28,MKVRVTVRLSNHPDVPFADVVRVLQEVFELSEEEARRLAEEADRYGSVTFEAVVDQAVLEANRARLPAYGITILAVEPV,YAA, 97.4523037166086, 97.56748824593127, 94.41911111111112, 0.9, 0.86,-28.800944657375144, 19.055714285714284, 20, 3.305000000000007, 14, 3.114285714285716, 13.377142857142857
4.mpnn_v9,diff_87,29,MLVRVRVRLSNHPDVPFEDVVRVLQEVFGLSEEEARRLAEEADRYGSVTFEAVVDRAVLEANRDRLPDYGIEILAVEDV,YAA, 98.07350010558547, 98.13768576360349, 96.38327777777778, 0.91, 0.89,-28.060207153415686, 18.25285714285714, 19, 2.75263157894739, 13, 2.5615384615384666, 12.524285714285714
4.mpnn_v9,diff_88,0,MKKTYRLTAGDNPAVPRATAVATLDALGVDGAALAAAATANGSGSIDFEATDEEYAAMKAKLPAAAAALQAPVTLEEL,YAA, 79.93610697806994, 80.64444656269657, 61.51927777777777, 0.59, 0.26,-10.82932498352128, 2.835714285714286, 4, 20.375, 3, 21.0, 2.1
4.mpnn_v9,diff_88,1,MLKRYRLTAGDNPAVPRATAVATLDALGVDGAALAAAATANGSGSIDFEATDAEYAAMAAKLPAAAAALQAPVTLEEL,YAA, 91.80412225874262, 92.25687055074556, 80.03266666666667, 0.82, 0.71,-25.266126511588546, 16.085714285714285, 18, 7.444444444444445, 9, 7.488888888888886, 8.037142857142857
4.mpnn_v9,diff_88,2,MLQRYRLTAGDNPAVPRATAVATLNALGVDGAALAAQATANGSGSIDFEATEAEAAAMAAKLPAAAAALQAPVTLERL,YAA, 82.9691910418114, 83.12742061179561, 78.85522222222222, 0.7, 0.53,-17.536919104181138, 9.239999999999998, 11, 11.200000000000015, 7, 11.58571428571428, 5.841428571428572
4.mpnn_v9,diff_88,3,MKKRYRLTAGDNPAVPRATAVATLDALGVDGAALAAAATANGSGSIDFEATDAEYEAMKAKLPAAAAALQAPVTLEEL,YAA, 80.78370160600717, 81.49173927461428, 62.374722222222225, 0.59, 0.22,-16.766941589172145, 8.688571428571429, 13, 23.21538461538461, 6, 24.133333333333336, 3.9314285714285715
4.mpnn_v9,diff_88,4,MKKRYRLTAGDNPAVPRADAVATLDALGVDGAALAAAATANGVGSIEFEATDEEYEAMKAKLPAAAAALKAPVTLEEL,YAA, 81.2105988812285, 82.04330353905353, 59.56027777777778, 0.62, 0.28,-19.406774173837135, 11.285714285714286, 16, 20.625, 8, 20.76250000000001, 5.627142857142856
4.mpnn_v9,diff_88,5,MRKRYRLTAGDNPAVPRADAVATLDALGVDGAALAAKATANGSGSIEFEATDAEYAAMAAKLPAAAAALQAPVTLEEL,YAA, 81.26110294746407, 81.98881630869131, 62.34055555555555, 0.62, 0.45,-21.863253151889264, 13.737142857142857, 18, 16.577777777777783, 11, 17.045454545454536, 8.321428571428573
4.mpnn_v9,diff_88,6,MKKRYRLTAGDNPAVPRATAVATLDALGVDGAALAAAATANGSGSIEFEATDEEYAAMKAKLPAAAAALQAPVTLEEL,YAA, 88.53603549605403, 89.32406036556036, 68.0473888888889, 0.74, 0.39,-15.213603549605402, 6.36, 8, 14.349999999999994, 7, 14.58571428571428, 5.541428571428572
4.mpnn_v9,diff_88,7,MKQTYRLTAGDNPAVPRATAVATLDALGVDGAALAAQATANGSGSIDFEATDAEYAAMKAKLPAAAAALQAPVTLERL,YAA, 87.43035728982952, 88.27768727106228, 65.39977777777777, 0.73, 0.49,-22.644464300411524, 13.901428571428573, 17, 12.758823529411757, 11, 12.990909090909089, 8.958571428571428
4.mpnn_v9,diff_88,8,MKKRYRLTAGDNPAVPRATAVAVLDALGVDGAALAAQATANGEGSIEFEATEEEYAAMKAKLPAAAAALQAPVTLEEL,YAA, 87.78365377318156, 88.53172592685092, 68.3337777777778, 0.72, 0.32,-18.479793948746728, 9.701428571428572, 13, 17.76153846153846, 9, 18.477777777777774, 6.6242857142857146
4.mpnn_v9,diff_88,9,MKKRYRLTAGDNPAVPRADAVATLDALGVDGAALAAAATANGSGSIDFEATEEEYAEMKAKLPAAAAALQAPVTLEEL,YAA, 90.7374776156628, 91.84743615643616, 61.87855555555556, 0.77, 0.33,-12.875176332994851, 3.8014285714285716, 5, 16.779999999999994, 3, 16.266666666666662, 2.302857142857143
4.mpnn_v9,diff_88,10,MLQRYRLTAGDNPAVPRATAVATLDALGVDGAALAAAATAHGEGSIDFEATDEEYAAMAAKLPAAAAALQAPVTLERL,YAA, 83.99583995154366, 84.70389576164577, 65.58638888888889, 0.73, 0.58,-14.389583995154364, 5.989999999999999, 7, 10.100000000000007, 3, 10.333333333333334, 2.557142857142857
4.mpnn_v9,diff_88,11,MKKTYRLTAGDNPAVPRATAVATLDALGVDGAALAAAATANGSGSIDFEATDEEYAAMKAKLPAAAAALQAPVTLEEL,YAA, 86.58378558958188, 87.38427734302735, 65.77100000000002, 0.71, 0.37,-15.775521416101043, 7.1171428571428565, 9, 14.644444444444453, 6, 15.78333333333334, 4.647142857142857
4.mpnn_v9,diff_88,12,ALQTYELTAGDNPAVPRATAVATLDALGVDGAALAAAATANGSGSIRFEATEAEYAAMAAKLPAAAAALQAPVTLRRL,YAA, 85.6637708077245, 86.05920430032928, 75.3825, 0.72, 0.63,-22.422091366486736, 13.855714285714285, 16, 9.381250000000001, 8, 9.337500000000006, 6.932857142857142
4.mpnn_v9,diff_88,13,MRQRYRLTAGDNPAVPRATAVATLDALGVDGAALAAAATANGSGSIDFEATDEEYAAMAAKLPAAAAALQAPVTLERL,YAA, 85.4496024263802, 86.01872816072816, 70.65233333333333, 0.72, 0.46,-15.002103099780875, 6.457142857142856, 8, 13.500000000000007, 4, 14.150000000000006, 3.1914285714285713
4.mpnn_v9,diff_88,14,MLKRYRLTAGDNPAVPRADAVATLDALGVDGAALAAQATANGSGSIEFEATDAEYAAMAAKLPAAAAALQAPVTLERL,YAA, 82.0839040270429, 82.87701358363859, 61.46305555555555, 0.68, 0.36,-18.249818974132864, 10.041428571428572, 13, 15.930769230769233, 8, 15.925000000000004, 6.18
4.mpnn_v9,diff_88,15,ALQRYRLTAGDNPAVPRATAVATLDALGVDGAALAAAATANGSGSIDFEATDAEYAAMAAKLPAAAAALQAPVTLERL,YAA, 84.10962118094525, 84.8017732776483, 66.11366666666667, 0.74, 0.6,-16.92524783238024, 8.514285714285714, 10, 10.4, 5, 11.260000000000002, 4.195714285714286
4.mpnn_v9,diff_88,16,MKKTYRLTAGDNPAVPRATAVATLDALGVDGAALAAAATANGSGSITFEATDEEYAAMKAKLPAAAAALKAPVTLEEL,YAA, 78.79020648281758, 79.57265245865247, 58.44661111111111, 0.58, 0.28,-17.934734933996044, 10.055714285714286, 14, 19.72142857142857, 9, 20.177777777777774, 6.405714285714287
4.mpnn_v9,diff_88,17,PLRRYRLTAGDNPAVPRADAVATLDALGVDGAALAAAATANGSGSIEFEATPEEYAAMAAKLPAAAAALQAPVTLEEL,YAA, 88.51228507740545, 89.30350971713472, 67.94044444444445, 0.77, 0.46,-20.389799936311974, 11.538571428571428, 14, 12.307142857142862, 6, 12.183333333333337, 4.9557142857142855
4.mpnn_v9,diff_88,18,MLKRYRLTAGDNPAVPRADAVATLDALGVDGAALAAAATANGSGSIDFEATDAEYAAMKAKLPAAAAALQAPVTLEEL,YAA, 91.57177985320577, 92.68921369371368, 62.51849999999999, 0.81, 0.39,-14.745749413892005, 5.588571428571429, 7, 14.114285714285709, 3, 14.633333333333335, 2.3728571428571428
4.mpnn_v9,diff_88,19,MKKRYRLTAGDNPAVPRADAVATLDALGVDGAALAAKATANGSGSIDFDATDAEYAAMKAKLPAAAAALKAPVTLERL,YAA, 86.25708989809917, 87.41867455229954, 56.05588888888889, 0.7, 0.3,-18.095708989809914, 9.469999999999999, 13, 19.007692307692317, 8, 19.800000000000004, 5.737142857142857
4.mpnn_v9,diff_88,20,MKKRYRLTAGDNPAVPRATAVATLDALGVDGAALAAAATANGSGSIEFEATDEEYAAMRAKLPAAAAALQAPVTLEEL,YAA, 80.70095748044822, 81.2754665288415, 65.76372222222223, 0.6, 0.32,-11.892952890901967, 3.822857142857143, 5, 16.479999999999997, 4, 16.574999999999996, 3.052857142857143
4.mpnn_v9,diff_88,21,MKQRYRLTAGDNPAVPRATAVATLDALGVDGAALAAAATANGSGSIDFEATEEEYAAMKAKLPAAAAALQAPVTLERL,YAA, 83.63505238896904, 84.36256295093796, 64.71977777777778, 0.67, 0.33,-18.84921952461119, 10.485714285714286, 14, 17.571428571428573, 7, 18.24285714285715, 5.175714285714285
4.mpnn_v9,diff_88,22,MKKRYRLTAGDNPAVPRATAVATLDALGVDGAALAAAATANGSGSIDFEATDEEYAEMKAKLPAAAAALQAPVTLEEL,YAA, 87.31925475210662, 88.47372181522181, 57.303111111111114, 0.73, 0.26,-16.764782618067805, 8.032857142857143, 11, 18.881818181818186, 4, 19.949999999999996, 2.8600000000000003
4.mpnn_v9,diff_88,23,MRQTYRLTAGDNPAVPRADAVATLDALGVDGAALAAAATANGSGSIDFEATDAEYAEMAAKLPAAAAALQAPVTLERL,YAA, 92.49547966882226, 93.52001307488808, 65.85761111111111, 0.81, 0.33,-10.790976538310797, 1.5414285714285714, 2, 16.050000000000004, 1, 16.9, 0.7585714285714286
4.mpnn_v9,diff_88,24,MRQRYRLTAGDNPAVPRADAVATLDALGVDGAALAAAATANGSGSIDFEATEEEYAAMAAKLPAAAAALQAPVTLERL,YAA, 89.96452058058539, 90.56407479094979, 74.37611111111111, 0.73, 0.46,-30.320737772344252, 21.32428571428571, 26, 12.588461538461546, 13, 12.107692307692314, 10.751428571428571
4.mpnn_v9,diff_88,25,ARQRYRLTAGDNPAVPRADAVATLDALGVDGAALAAAATANGSGSIEFDATDAEYAAMAAKLPAAAAALQAPVTLERL,YAA, 90.19469354924911, 90.8420727883228, 73.36283333333334, 0.79, 0.53,-15.646612212067769, 6.627142857142857, 8, 12.012500000000003, 4, 12.074999999999996, 3.31
4.mpnn_v9,diff_88,26,MLQRYRLTAGDNPAVPRADAVATLDALGVDGAALAAAATANGSGSIDFEATEAEYAAMKAKLPAAAAALQAPVTLERL,YAA, 77.66312821335043, 78.14929340104338, 65.02283333333334, 0.6, 0.32,-17.286312821335045, 9.520000000000001, 13, 18.738461538461532, 7, 18.94285714285714, 5.105714285714286
4.mpnn_v9,diff_88,27,MKKTYRLTAGNNPAVPRATAVATLDALGVDGAALAAAATANGSGSITFEATDAEYAEMKAKLPAAAAALQAPVTLEEL,YAA, 87.00336478987406, 87.76091941854442, 67.30694444444445, 0.76, 0.39,-15.057479336130264, 6.3571428571428585, 8, 14.374999999999986, 3, 15.099999999999994, 2.352857142857143
4.mpnn_v9,diff_88,28,ARQRYRLTAGDNPAVPRATAVATLDALGVDGAALAAAATANGSGSIDFDATDAEYAAMAAKLPAAAAALQAPVTLERL,YAA, 91.24086932820266, 91.79416131091132, 76.85527777777777, 0.79, 0.57,-16.814086932820267, 7.69, 9, 10.188888888888881, 4, 10.099999999999994, 3.422857142857143
4.mpnn_v9,diff_88,29,PLRRYRLTAGDNPAVPRATAVATLDALGVDGAALAAAATAHGEGSIEFEATDAEYAAMAAKLPAAAAALQAPVTLERL,YAA, 85.41433608127126, 85.86422934935435, 73.71711111111112, 0.73, 0.6,-20.72857646526998, 12.187142857142856, 14, 9.06428571428572, 10, 8.929999999999996, 8.724285714285715
4.mpnn_v9,diff_89,0,MKKEVTVTITHDPTVPRQFAIDTLEKYFELPVSAEAAVDEADRKGKVVVEGATVDLSKINEETLKEIKAAGLSFTFEKPS,YAA, 89.37576272622958, 89.88850591179653, 75.70261111111112, 0.81, 0.63,-21.279004844051528, 12.34142857142857, 14, 8.292857142857144, 7, 7.914285714285719, 6.208571428571428
4.mpnn_v9,diff_89,1,MKVTVTVTITHDPTVPRQYAIDTLEKYFTLPVSAEAAVNEADRRGRVVVEGATVDLSKINEESEKEIKAAGLSYTTAAPA,YAA, 90.71004726264364, 91.41136153499278, 72.00833333333333, 0.82, 0.6,-20.421004726264364, 11.350000000000001, 13, 8.884615384615376, 6, 8.683333333333337, 5.255714285714285
4.mpnn_v9,diff_89,2,MKVTVTVTITHDPTVPRQFAIDTLEKYFTLPVSAADAVDRADREGRVTVTGATVDLSKINEESEKEIKAAGLSYTTTAPA,YAA, 91.89701748118014, 93.12287230339106, 59.20755555555556, 0.84, 0.43,-17.91255889097516, 8.722857142857144, 11, 14.490909090909078, 4, 14.79999999999999, 3.154285714285715
4.mpnn_v9,diff_89,3,MKVTVTVTITHDPTVPFQYAVDTLEKYFTLPVSARDAVARADREGKVTVEGATVDLSLINEETLKEIKAAGLSFTEEAPS,YAA, 85.52365402736487, 86.62886813672439, 56.051277777777784, 0.76, 0.34,-16.115222545593628, 7.562857142857141, 10, 17.060000000000013, 4, 17.025000000000006, 3.0271428571428567
4.mpnn_v9,diff_89,4,MKVEVTVTITHDPTVPRQFAIDTLEKYFTLPVSAEAAVDEADRLGSVTVEGATVDLSKINEETLKEIKAAGLSFTTEKPL,YAA, 94.41945386741772, 94.82349380411256, 83.64505555555556, 0.86, 0.73,-31.50194538674177, 22.06, 24, 5.658333333333341, 15, 5.180000000000003, 13.889999999999999
4.mpnn_v9,diff_89,5,MKVEVTVTIRHDPTVPFAFAVDTLEKYFTLPVSAEAAVAEADRLGEVRVEGATVDLSKINEESLKEIRAAGLSFTFEKPE,YAA, 88.31058526313043, 89.39575721049783, 59.372666666666674, 0.77, 0.41,-14.3682013834559, 5.537142857142857, 7, 14.628571428571425, 1, 17.0, 0.7571428571428571
4.mpnn_v9,diff_89,6,MKVEVTVTITHNPTVPRQYAIDTLEKYFTLPVSAEDAVNEADRLGKVTVEGATVDLSLINEESLKEIKAAGLSFTEEKPL,YAA, 92.06787652340965, 93.26732605970417, 60.08255555555556, 0.83, 0.27,-14.458216223769536, 5.251428571428572, 8, 24.049999999999997, 5, 25.160000000000004, 3.202857142857143
4.mpnn_v9,diff_89,7,MKVEVTVTIKHDPTVPRQFAIDTLEKYFTLPVSAEDAVNRADREGEVVVEGATVDLSKINEETEKEIKAAGLSYTFEKPL,YAA, 94.59715417514214, 94.94188287337663, 85.40438888888889, 0.86, 0.74,-31.642572560371356, 22.18285714285714, 24, 5.300000000000002, 15, 4.980000000000018, 13.93285714285714
4.mpnn_v9,diff_89,8,MKVEVTVTITHDPTVPRDFAVATLEKYFTLPVSARAAVDEADRLGSVTVEGATVDLSKINEASEKEIAAAGLSYTTEKPL,YAA, 90.76410220535823, 91.46755187139249, 72.00544444444444, 0.8, 0.6,-18.536410220535824, 9.46, 11, 9.799999999999995, 7, 9.714285714285706, 6.028571428571429
4.mpnn_v9,diff_89,9,MKVEVTVTIRHDPTVPFDYAVATLEKYFTLPVSAEAAVARADREGEVTVEGATVDLSLINEETLKEIKAAGLSFTEEKPL,YAA, 92.6660461151967, 93.54262701118326, 69.29055555555556, 0.85, 0.53,-15.243747468662528, 5.977142857142857, 7, 10.228571428571431, 2, 10.850000000000001, 1.69
4.mpnn_v9,diff_89,10,MKVEVTVTITHDPTVPRQFAVDTLKKYFTLPVSAEEAVDRADREGRVVVEGATVDKSKINAETEKEIKAAGLSYTEEKPL,YAA, 90.87294047184407, 92.14638198953824, 56.9145, 0.82, 0.29,-14.391579761470123, 5.304285714285714, 8, 23.5875, 4, 25.25, 2.557142857142857
4.mpnn_v9,diff_89,11,MKKTVTVTIRHDPTVPFQFAVDTLEKYFTLPVSAEAAVAEADRKGEVTVEGATVDLSLINEESEKEIAAAGLSYTFEAPL,YAA, 92.3723385837723, 93.4248971139971, 64.30411111111111, 0.82, 0.47,-21.678662429805804, 12.441428571428574, 15, 11.939999999999987, 5, 11.860000000000003, 4.152857142857143
4.mpnn_v9,diff_89,12,MKVTVTVTIRHDPTVPRQFAIDTLEKYFTLPVSAEAAVDEADRLGEVTVEGATVDLSLINAESEKEIAAAGLSYTTEAPL,YAA, 92.51938824562319, 93.35134447150072, 70.3338888888889, 0.83, 0.51,-21.026224538848034, 11.774285714285716, 14, 11.128571428571417, 7, 11.271428571428569, 5.872857142857143
4.mpnn_v9,diff_89,13,MKVEVTVTIRHDPTVPFDFAVATLEKYFELPVSARAAVAEADRLGEVRVEGATVDLSKINAATEKEIAAAGLSYTEEKPE,YAA, 91.48148258401572, 92.4336694309163, 66.08983333333333, 0.79, 0.48,-16.51529111554443, 7.367142857142857, 9, 12.699999999999996, 2, 13.299999999999997, 1.62
4.mpnn_v9,diff_89,14,MKVTVTVTITHDPTVPRQYAIDTLEKYFTLPVSAAAAVDEADRLGSVTVTGATVDLSKINEETEKEIKAAGLSYTTTAPA,YAA, 93.58166464124898, 94.09732289862914, 79.83077777777778, 0.85, 0.74,-22.1681664641249, 12.810000000000002, 14, 5.949999999999989, 8, 5.387499999999989, 7.384285714285715
4.mpnn_v9,diff_89,15,MKVPVTVTIRHDPTVPRQYAIDTLEKYFTLPVSAAEAVARADREGEVVVEGATVDLSLINEETEKEIAAAGLSYTEEAPA,YAA, 95.57025159512509, 95.95310894660894, 85.36072222222224, 0.87, 0.73,-29.94702515951251, 20.39, 22, 5.122727272727275, 15, 4.80666666666666, 13.97
4.mpnn_v9,diff_89,16,MKVEVTVTIRHDPTVPFQYAVDTLKKYFTLPVSAEDAVRRADREGEVTVEGATVDLSKINEESLKEIKAAGLSFTEEKPL,YAA, 94.46885758184251, 94.78607515782828, 86.00972222222224, 0.86, 0.71,-30.082600043898537, 20.635714285714286, 23, 7.195652173913044, 15, 6.740000000000009, 13.555714285714284
4.mpnn_v9,diff_89,17,MKVTVTVTITHDPTVPRQYAIDTLEKYFTLPVSAEAAVAEADRLGSVTVEGATVDLSKINEETLKEIAAAGLSFTEEAPA,YAA, 91.79708782315409, 92.37114111652237, 76.48899999999999, 0.82, 0.64,-18.863994496601123, 9.684285714285714, 11, 8.372727272727275, 6, 8.350000000000003, 5.284285714285714
4.mpnn_v9,diff_89,18,MKVPVTVTIRHDPTVPFDYAVATLEKYFTLPVSARDAVARADREGEVVVEGATVDLSKINEASLKEIAAAGLSFTTEAPA,YAA, 93.17476057476661, 94.14535576298701, 67.29222222222222, 0.84, 0.53,-20.386047486048092, 11.068571428571431, 13, 10.399999999999986, 5, 9.85999999999999, 4.295714285714286
4.mpnn_v9,diff_89,19,MKVEVTVTIRHDPTVPRDFAIATLEKYFTLPVSAREAVDRADREGEVRVEGATVDLSKINAATEKEIAAAGLSYTEEKPL,YAA, 88.8775690293642, 90.00641536796536, 58.775, 0.76, 0.36,-18.58632833150785, 9.69857142857143, 13, 17.77692307692307, 5, 19.7, 3.592857142857143
4.mpnn_v9,diff_89,20,MKVEVTVTITHDPTVPRQYAIDTLEKYFTLPVSARAAVDEADRRGRVVVEGATVDLSLINEETLKEIKAAGLSFTTEKPL,YAA, 90.65806248804743, 91.48109608134921, 68.71050000000001, 0.8, 0.51,-25.062949105947602, 15.997142857142858, 19, 11.063157894736833, 11, 11.118181818181824, 9.252857142857142
4.mpnn_v9,diff_89,21,MKVEVTVTITHDPTVPRDYAVATLEKYFTLPVSARAAVDRADREGRVTVEGATVDKSLINEESEKEIAAAGLSYTEEKPL,YAA, 91.34476112241174, 92.15560633116884, 69.72222222222223, 0.81, 0.45,-22.01161896938403, 12.877142857142859, 16, 13.662499999999994, 6, 12.816666666666672, 4.901428571428571
4.mpnn_v9,diff_89,22,MKVTVTVTITHDPTVPFQFAVDTLKKYFTLPVSAEDAVREADRLGSVTVTGATVDLSKINEESEKEIKAAGLSYTTEAPS,YAA, 95.5458016264191, 95.83455252074315, 87.8457777777778, 0.88, 0.82,-29.30743730549905, 19.752857142857142, 21, 4.1571428571428655, 14, 3.635714285714284, 13.272857142857143
4.mpnn_v9,diff_89,23,MKVEVTVTITHDPTVPFDFAVDTLKKYFTLPVSAEEAVRRADREGEVVVEGATVDLSKINAESEKEIKAAGLSYTTEKPL,YAA, 87.99084619864739, 89.06101959776335, 59.452888888888886, 0.77, 0.35,-18.690513191293313, 9.891428571428573, 13, 16.738461538461532, 3, 17.099999999999994, 2.2671428571428573
4.mpnn_v9,diff_89,24,MKVEVTVTITHDPTVPRDFAVATLEKYFTLPVSAEAAVDEADRKGSVTVEGATVDLSLINEESEKEIAAAGLSYTTEKPL,YAA, 91.86047423460073, 92.86910243506493, 64.96372222222223, 0.81, 0.42,-16.44319028060293, 7.257142857142857, 9, 13.555555555555555, 3, 14.699999999999998, 2.37
4.mpnn_v9,diff_89,25,MKVPVTVTITHDPTVPRQYAIDTLEKYFTLPVSAEAAVDRADREGEVVVEGATVDLSLINEETEKEIAAAGLSYTEEAPL,YAA, 93.84087966150317, 94.75692306547619, 69.41305555555556, 0.84, 0.52,-12.794087966150316, 3.41, 4, 10.324999999999996, 3, 9.933333333333337, 2.5742857142857143
4.mpnn_v9,diff_89,26,MKVEVTVTITHDPTVPFQYAVDTLEKYFTLPVSARDAVAQADRDGSVTVTGATVDLSKINEETEKEIKAAGLSYTEEAPL,YAA, 77.3216937403293, 78.39056558892496, 48.81844444444445, 0.66, 0.21,-8.406455088318644, 0.6742857142857144, 1, 22.799999999999997, 0, 0, 0
4.mpnn_v9,diff_89,27,MKVTVTVTITHDPTVPRDFAIATLEKYFTLPVSAEAAVDEADRLGSVTVEGATVDLSKINEETEKEIAAAGLSYTTTAPA,YAA, 88.24738984074827, 88.98458779310968, 68.58877777777778, 0.79, 0.59,-21.02902469836054, 12.204285714285714, 14, 8.978571428571431, 4, 8.975000000000001, 3.487142857142857
4.mpnn_v9,diff_89,28,MKVTVTVTIRHDPTVPRDYAIATLEKYFTLPVSAEDAVNRADREGEVTVEGATVDLSKINEETEKEIAAAGLSYTEEAPL,YAA, 93.14238636798275, 93.60442794011544, 80.82127777777778, 0.83, 0.62,-26.905667208226845, 17.59142857142857, 20, 8.430000000000007, 15, 8.233333333333333, 13.235714285714286
4.mpnn_v9,diff_89,29,MKVTVTVTIRHDPTVPRQYAVDTLEKYFTLPVSAEEAVDRADREGEVVVEGATVDLSKINAETLKEIKAAGLSFTTEAPA,YAA, 92.48021448130183, 93.04676627435065, 77.37216666666667, 0.83, 0.67,-23.496592876701612, 14.24857142857143, 16, 7.662499999999987, 7, 7.771428571428585, 6.2228571428571415
4.mpnn_v9,diff_90,0,SVRTYRVTVTNNATTPLADVVAALDALGLDGAAVAGAANAGAVGDTVTATARATDAAVAAAEAVPGITATLL,YAA, 97.4761831168831, 97.73816296897547, 91.18866666666666, 0.87, 0.78,-30.279046883116884, 20.531428571428574, 22, 4.67272727272726, 14, 4.1285714285714175, 13.174285714285716
4.mpnn_v9,diff_90,1,AVKTYRVTVTNDATTPLAAVVAALDALGLDGAAVAGAADAGAVGDTVEATARATDAAVAAAEAVAGISATLL,YAA, 95.79671475228476, 96.16088805214847, 87.05655555555556, 0.86, 0.73,-25.48110004665705, 15.901428571428575, 17, 4.523529411764698, 11, 4.0272727272727336, 10.367142857142856
4.mpnn_v9,diff_90,2,AVRTYRVTVTNNATTPLADVVAALDALGLDGAAVAGAANAGAVGDTVTATARATDAAVAAAEAVAGITATLL,YAA, 96.87992458874459, 97.19580802068302, 89.29872222222222, 0.85, 0.74,-28.28799245887446, 18.6, 20, 4.9, 14, 4.421428571428578, 13.115714285714285
4.mpnn_v9,diff_90,3,SVRTYRVTVTNNATTPLADVVAALNALGLDGEAVAGAANAGAVGDTVTATARATDEAVAAAEKVPGISAELL,YAA, 93.37067791726793, 93.57923857122816, 88.36522222222222, 0.81, 0.78,-26.85849636315536, 17.52142857142857, 19, 5.447368421052643, 13, 5.807692307692299, 11.921428571428573
4.mpnn_v9,diff_90,4,AVRTYRVTVTNNATTPLADVVAALDALGLDGAAVAGAADAGAVGDTVTATARATDAAVAAAEAVAGISATLL,YAA, 97.36666607022607, 97.64731419352252, 90.63111111111111, 0.86, 0.73,-28.273809464165467, 18.537142857142857, 20, 5.1200000000000045, 15, 4.719999999999997, 13.98857142857143
4.mpnn_v9,diff_90,5,AEKTYLVTVTNNATTPLADVVAALNALGLDGAAVAGAADAGAVGDTVTATATATDAAVAAAEKVPGITATLL,YAA, 97.33738957671957, 97.66763729056437, 89.41144444444444, 0.86, 0.76,-30.1965961005291, 20.462857142857143, 22, 4.890909090909087, 14, 4.228571428571432, 13.154285714285713
4.mpnn_v9,diff_90,6,SVRTYRVTVTNDATTPLAAVVAALDALGLDGAAVAGAADAGAVGDTVTATATATDAAVAAAEAVAGISATLL,YAA, 94.78382307359307, 95.39828097943723, 80.03683333333333, 0.84, 0.63,-21.98981087878788, 12.511428571428572, 14, 7.442857142857138, 12, 7.491666666666656, 10.715714285714288
4.mpnn_v9,diff_90,7,SLKTYRVTVTNDATTPLAAVVAALNALGLDGEAVAGAADAGAVGDTVTATATATDAAVAAAEKVAGISATLL,YAA, 81.98266725829725, 82.85348209776335, 61.083111111111116, 0.63, 0.26,-11.05255244011544, 2.854285714285714, 4, 20.050000000000004, 4, 20.050000000000004, 2.854285714285714
4.mpnn_v9,diff_90,8,SVRTYEVTVTNNATTPLAAVVAALDALGLDGAAVAGAANAGAVGDTVTATARATDAAVAAAERVPGISARLL,YAA, 97.53959920634921, 97.68159408068783, 94.13172222222221, 0.87, 0.83,-31.351102777777776, 21.597142857142856, 23, 4.269565217391306, 14, 4.071428571428571, 13.185714285714285
4.mpnn_v9,diff_90,9,SLKTYRVTLTNNATTPLADVVAALDALGLDGAAVAGAADAGAVGDTVTATATATDAQVAAAEKVPGITATLL,YAA, 91.95414259259259, 92.54013927469136, 77.89022222222223, 0.81, 0.62,-26.745414259259256, 17.549999999999997, 20, 8.575000000000012, 12, 8.416666666666666, 10.557142857142857
4.mpnn_v9,diff_90,10,EVRTYRVTVTNNATTPLADVVAALNALGLDGEAVAGAADAGAIGDTVTATARATDAAVAAAERVPGISAELL,YAA, 95.19316932659932, 95.63653054854096, 84.55250000000001, 0.83, 0.66,-24.756459789802786, 15.237142857142855, 17, 7.25882352941177, 10, 6.839999999999998, 9.022857142857143
4.mpnn_v9,diff_90,11,SVRTYRVTVTNDATTPLADVVAALDALGLDGEAVAGAADAGAVGDTVTATATATDAAVAAAERVPGISATLL,YAA, 87.5473789081289, 88.42569562189354, 66.46777777777778, 0.75, 0.41,-20.74473789081289, 11.989999999999998, 15, 14.046666666666678, 11, 14.709090909090905, 8.688571428571429
4.mpnn_v9,diff_90,12,SVKTYRVTVTNNATTPLADVVAALDALGLDGAAVAGAADAGAVGDTVTATARATDEAVAAAEKVPGISATLL,YAA, 89.96529291005291, 90.61658520723104, 74.33427777777779, 0.72, 0.36,-22.36938643386243, 13.372857142857141, 17, 14.935294117647064, 11, 15.018181818181812, 8.64
4.mpnn_v9,diff_90,13,SRRTYRVTVTNNETTPLADVVAALDALGLDGAAVAGAANAGAVGDTVTATATATDAAVAAAEAVPGISATLL,YAA, 97.85016421356421, 98.01629142616643, 93.86311111111111, 0.88, 0.83,-32.45358784992785, 22.66857142857143, 24, 3.883333333333335, 14, 3.3142857142857207, 13.337142857142856
4.mpnn_v9,diff_90,14,ERRTYRVTVTNNATTPLADVVAALDALGLDGAAVAGAADAGAIGDTVTATATATDAAVAAAEKVPGITAELL,YAA, 94.2829842905243, 94.6996873396665, 84.28211111111112, 0.81, 0.66,-23.04258414333814, 13.614285714285712, 15, 6.466666666666674, 11, 6.118181818181835, 10.038571428571426
4.mpnn_v9,diff_90,15,MEKTYLVTVTNDATTPLAAVVAALDALGLDGAAVAGAADAGAVGDTVTAVATATDEAVAAAEAVPGISATLL,YAA, 97.68012666666665, 97.8696574074074, 93.13138888888888, 0.86, 0.79,-26.75372695238095, 16.985714285714288, 18, 3.9444444444444318, 12, 3.574999999999998, 11.387142857142857
4.mpnn_v9,diff_90,16,SVRTYRVTVTNNATTPLADVVAALDALGLDGAAVAGAADAGAVGDTVTATASATDAAVAAAERVPGISATLL,YAA, 90.05415810485809, 90.7954123777457, 72.26405555555556, 0.78, 0.55,-24.139701524771525, 15.134285714285715, 18, 11.144444444444439, 5, 10.059999999999992, 4.281428571428572
4.mpnn_v9,diff_90,17,SLRTYRVTVTNNATTPLAAVVAALDALGLDGEAVAGAADAGAVGDTVTATATATDAAVAAAERVPGISAELL,YAA, 96.84468146224145, 97.09082096761263, 90.93733333333334, 0.85, 0.71,-26.087325289081285, 16.40285714285714, 18, 6.211111111111121, 11, 6.100000000000002, 10.041428571428572
4.mpnn_v9,diff_90,18,SVKTYLVTVTNNATTPLADVVAALDALGLDGAAVAGAADAGAVGDTVTATARATDAQVAAAEKVPGISATLL,YAA, 89.15561462722462, 89.99202912558121, 69.08166666666666, 0.76, 0.49,-22.368418605579606, 13.452857142857143, 16, 11.143749999999997, 9, 10.488888888888887, 7.651428571428571
4.mpnn_v9,diff_90,19,MVKTYRVTVTNNATTPLAAVVAALDALGLDGAAVAGAADAGAVGDTVTATARATDEAVAAAEKVAGISAELL,YAA, 86.55183174122175, 87.63242889710598, 60.61750000000001, 0.7, 0.31,-11.705183174122176, 3.05, 4, 16.625, 4, 16.625, 3.05
4.mpnn_v9,diff_90,20,SVRTYRVTVTNNATTPLAAVVAALNALGLDGEAVAGAANAGAVGDTVTATARATDAAVAAAEKVAGITATLL,YAA, 83.87322718133719, 84.87898433241142, 59.735055555555554, 0.69, 0.23,-11.227322718133719, 2.84, 4, 20.300000000000004, 2, 20.750000000000007, 1.407142857142857
4.mpnn_v9,diff_90,21,ERRTYRVTVTNNATTPLAAVVAALDALGLDGAAVAGAANAGAVGDTVTATATATDAAVAAAERVPGISAELL,YAA, 97.40588136123137, 97.5677282698012, 93.52155555555557, 0.87, 0.82,-31.31201670755171, 21.571428571428573, 23, 4.3478260869565215, 14, 4.071428571428563, 13.185714285714287
4.mpnn_v9,diff_90,22,MVKTYRVTVTNNATTPLADVVAALDALGLDGAAVAGAANAGAVGDTVEAVARATDAAVAAAEAVPGISAELL,YAA, 97.74728498316499, 97.98693806116722, 91.9956111111111, 0.88, 0.78,-31.23044278403078, 21.455714285714283, 23, 4.7000000000000055, 13, 4.061538461538458, 12.245714285714286
4.mpnn_v9,diff_90,23,SVRTYRVTVTNNATTPLADVIAALNALGLDGEAVAGAANAGAVGDTVTATATATDAAVAAAEKVPGISATLL,YAA, 91.75678498797498, 92.01211399210358, 85.62888888888888, 0.77, 0.75,-26.514249927368922, 17.338571428571424, 19, 6.121052631578969, 12, 6.175000000000002, 10.94142857142857
4.mpnn_v9,diff_90,24,SVRTYRVTVTNDATTPLAAVVAALDALGLDGAAVAGAADAGAVGDTVTATATATDAAVAAAEAVAGISATLL,YAA, 94.49243685906686, 95.09741802449093, 79.97288888888887, 0.83, 0.6,-25.310672257335256, 15.86142857142857, 18, 8.31666666666667, 12, 8.325000000000008, 10.572857142857142
4.mpnn_v9,diff_90,25,SVRTYRVTVTNNATTPLADVIAALDALGLDGAAVAGAANAGAVGDTVTATARATDEAVAAAEKVPGITATLL,YAA, 88.4123290957191, 88.68128725248516, 81.95733333333334, 0.74, 0.69,-26.676947195286193, 17.835714285714282, 20, 7.575000000000012, 13, 7.284615384615388, 11.647142857142857
4.mpnn_v9,diff_90,26,SVKTYLVTVTNDATTPLADVIAALNALGLDGEAVAGAADAGAVGDTVTATAQATDEQVAAAEKVPGISATLL,YAA, 97.29783211640212, 97.62517697310406, 89.44155555555557, 0.86, 0.74,-29.20835464021164, 19.478571428571428, 21, 5.071428571428571, 12, 4.091666666666659, 11.29857142857143
4.mpnn_v9,diff_90,27,SVRTYRVTVTNNATTPLAAVVAALDALGLDGAAVAGAADAGAVGDTVTATARATDAAVAAAEQVPGISATLL,YAA, 95.25595818662818, 95.90545644440436, 79.668, 0.82, 0.54,-20.007024390091388, 10.481428571428571, 12, 8.858333333333329, 6, 8.816666666666663, 5.244285714285715
4.mpnn_v9,diff_90,28,SLRTYRVTVTNNATTPLADVVAALDALGLDGAAVAGAADAGAVGDTVTATATATDEAVAAAERVPGISATLL,YAA, 89.06421534872537, 89.9155507104778, 68.63216666666666, 0.75, 0.44,-19.672135820586824, 10.765714285714287, 13, 12.03076923076922, 5, 10.620000000000005, 4.241428571428571
4.mpnn_v9,diff_90,29,SVRTYRVTVTNDATTPLAAVVAALDALGLDGAAVAGAADAGAVGDTVTATARATDAAVAAAEAVPGITATLL,YAA, 98.05207977392978, 98.20268726451019, 94.4375, 0.87, 0.82,-26.935207977392977, 17.13, 18, 3.383333333333338, 12, 3.1000000000000036, 11.468571428571428
4.mpnn_v9,diff_91,0,MKHNVVFTLRADPTTPRATAIAAVEAALDGVSRAEVEALVDEADRNGEATITVTVSDESIERGRALFAELGIPATIEVLP,YAA, 97.10848219718702, 97.18992527958153, 94.93666666666667, 0.87, 0.86,-28.857991076861563, 19.14714285714286, 20, 2.984999999999991, 14, 2.878571428571417, 13.424285714285716
4.mpnn_v9,diff_91,1,GRHRVVFTLRDDPTTPRATAIAAVQAALDGVSRAEVEALVDEADRNGEATITVTVSDAAIAAGRALFAALGIPATITVLP,YAA, 98.14742646777587, 98.23150912698414, 95.90522222222222, 0.9, 0.88,-28.091885503920444, 18.27714285714286, 19, 2.6631578947368375, 13, 2.4923076923076817, 12.53714285714286
4.mpnn_v9,diff_91,2,MKRRVRFTLEDDPTTPRATAVAAVETALDGVSRAEVEALVDEADRRGRAEIEVEISDASLAAGRARFAALGIPATFEVLP,YAA, 97.1909765686121, 97.29266735660173, 94.47922222222222, 0.88, 0.85,-27.92195479971835, 18.20285714285714, 19, 2.9368421052631675, 13, 2.6846153846153653, 12.501428571428574
4.mpnn_v9,diff_91,3,MKKKVVFTLYNDPTTPRETAIEAVQKALDGVSREEVEKLVDEADKNGKATKTVTISDESIKAGKALFKELGINATIEELP,YAA, 96.5535781828613, 96.6066186147186, 95.13916666666667, 0.89, 0.86,-26.961072104000422, 17.30571428571429, 18, 2.6999999999999824, 12, 2.5000000000000093, 11.57142857142857
4.mpnn_v9,diff_91,4,MRLRVEFTLYDDPTTPRETAIAAVEAALDGVSREEVEALVDRADRDGKATITVEVSEAAVEAGRALFAELGIPATIEVLP,YAA, 91.81804945322416, 92.26021589105339, 80.02694444444444, 0.79, 0.7,-26.350376373893848, 17.168571428571433, 19, 6.747368421052622, 12, 6.449999999999998, 10.894285714285715
4.mpnn_v9,diff_91,5,MKLRVRFTLRDDPTTPRATAIEAVETALDGVSREEVEALVDEADRNGVATKTVTVSEEAVEAGRARFAALGIPATIEVLP,YAA, 97.8808298605678, 97.95310889700576, 95.95338888888888, 0.91, 0.88,-28.095225843199636, 18.307142857142857, 19, 2.5526315789473686, 13, 2.376923076923084, 12.558571428571428
4.mpnn_v9,diff_91,6,GKRRVRFTLHADDTTPRATAVAAVETALDGVSRAEVEALVDEADRNGRAERTVTISDAAVAAGRAAFAALGIDATIEELP,YAA, 98.09306614336133, 98.1870582070707, 95.5866111111111, 0.9, 0.89,-28.102163757193274, 18.29285714285714, 19, 2.6052631578947487, 13, 2.5153846153846278, 12.532857142857141
4.mpnn_v9,diff_91,7,MRRRVRFTLRDDPTTPRATAIAAVETALDGVSRAEVEALVDRADREGEATRTVTISDEAIAAGRARFAALGIDATIEVLP,YAA, 97.74651064430884, 97.82198396013709, 95.73388888888888, 0.89, 0.87,-27.101793921573744, 17.32714285714286, 18, 2.616666666666662, 12, 2.4166666666666763, 11.585714285714284
4.mpnn_v9,diff_91,8,MKKKVVFTLYNDPTTPRAVAIAAVQAGLDGVSRAEVEALVDEADRNGKATITVTVSDESIEKGKKLFAELGINATIEELP,YAA, 96.95480775917524, 97.02250471681097, 95.14955555555555, 0.89, 0.86,-26.952623633060377, 17.257142857142853, 18, 2.8888888888889017, 12, 2.6333333333333164, 11.548571428571432
4.mpnn_v9,diff_91,9,GKKRVVFTLNDDDTTPRATAIEAVKKALDGVSTEEVEALVDEASRNGRATRTVTVSDESIKEGKKLFAELGIDATIEVLP,YAA, 96.5653244580052, 96.77702829184705, 90.91988888888888, 0.88, 0.82,-25.720818160086232, 16.064285714285713, 17, 3.8529411764705883, 11, 3.5090909090909217, 10.448571428571427
4.mpnn_v9,diff_91,10,GRRRIRFTLRDDPTTPRATAVAAVETALDGVSRADVEALVDAADRDGVATRTVTVSDESIAAGRRLFAELGIDATFEVLP,YAA, 97.66896292094785, 97.75808861381674, 95.29227777777777, 0.89, 0.87,-28.019753434951927, 18.252857142857142, 19, 2.752631578947378, 13, 2.4923076923076994, 12.537142857142856
4.mpnn_v9,diff_91,11,GKHKVKFTLNNDPTTPRATAVAAVQRALDGVSRAEVEALVDEARDKGKATKEVTVSDASIAAGRALFAALGIDATIEVLP,YAA, 97.32507984318225, 97.47538908730158, 93.31683333333335, 0.89, 0.85,-32.382507984318224, 22.649999999999995, 24, 3.937500000000019, 14, 3.5642857142857207, 13.287142857142856
4.mpnn_v9,diff_91,12,MKRKVVFTLYDDPTTPRATAIAAVEKALDGVSREEVERLVDEAAEKGKATITVTVSDESVEAGRALFAELGIDATIEELP,YAA, 89.8660572593404, 90.15398857323233, 82.18788888888889, 0.74, 0.71,-24.36374858307689, 15.377142857142854, 17, 6.682352941176479, 11, 6.118181818181824, 10.038571428571428
4.mpnn_v9,diff_91,13,GKRKVVFTLRDDPTTPRATAVAAVEAALDGVSRAEVEALVDEAARNGEATITVTVSDASIAAGRALFAALGIDATITELP,YAA, 97.6985051591648, 97.80600326930013, 94.8318888888889, 0.89, 0.87,-27.041279087345053, 17.271428571428572, 18, 2.8333333333333335, 12, 2.7000000000000077, 11.537142857142856
4.mpnn_v9,diff_91,14,GTRRVRFTLYDDPTTPRATAVAAVQTALDGVSRAEVEALVDEAERNGKATKTVTVSDEAIAAGRALFAALGIPATIEVLP,YAA, 97.81462768389575, 97.91706997204184, 95.08283333333334, 0.9, 0.87,-27.085748482675285, 17.30428571428571, 18, 2.705555555555571, 12, 2.5166666666666706, 11.568571428571428
4.mpnn_v9,diff_91,15,MRHRVVFTLRNDPTTPRATAIAAVETALDGVSRAEVEALVDEADRNGEATITVTVSDAAIAAGRARFAELGIDATITVLP,YAA, 97.83457218918966, 97.9342332296176, 95.17694444444446, 0.9, 0.86,-28.036314361776107, 18.252857142857142, 19, 2.752631578947378, 13, 2.5076923076923183, 12.534285714285712
4.mpnn_v9,diff_91,16,MRREVVFTLEDDPTTPRATAIAAVQAALDGVSRAEVEALVDRADREGRAERRVTISDEAIEAGRRLFAELGIPATIEELP,YAA, 96.92967637650166, 97.06490174062048, 93.32366666666665, 0.89, 0.85,-28.72439620907874, 19.031428571428574, 20, 3.3899999999999864, 13, 3.0999999999999965, 12.424285714285714
4.mpnn_v9,diff_91,17,GKRRVRFTLRNDPTTPRATAVAAVQAALDGVSRAEVEALVDRADRDGRAERTVTVSDAAIAAGRARFAELGIDATIEVLP,YAA, 98.0394981571307, 98.11805225468976, 95.94472222222224, 0.9, 0.89,-27.18537838714164, 17.381428571428568, 18, 2.4055555555555657, 12, 2.258333333333345, 11.612857142857141
4.mpnn_v9,diff_91,18,GKLDVEFTLRDDPTTPRATAIAAVRAALDGVSEAEVRALVDEADRNGVATRRVTVSEAAVAAGRALFAALGIPATITVLP,YAA, 98.08142602009771, 98.1637128291847, 95.88711111111111, 0.9, 0.88,-27.18814260200977, 17.38, 18, 2.4111111111111163, 12, 2.241666666666665, 11.615714285714287
4.mpnn_v9,diff_91,19,GMRRVRFTLRDDPTTPRAVAVAAVQTALDGVSEEEVRALVDEADRNGVATRDVTVSDESVEAGRRLFAELGIDATIEELP,YAA, 97.39133897060103, 97.49329334866522, 94.67255555555556, 0.9, 0.85,-27.01199103991725, 17.272857142857145, 18, 2.8277777777777704, 12, 2.458333333333352, 11.578571428571426
4.mpnn_v9,diff_91,20,GKKTVTFTLYDDDTTPRDVAIEAVKKALDGVSDEEVEALVDEADAKGKATKTVTVSDESIEKGKKLFEELGINATITVNP,YAA, 96.48682517081312, 96.63866444805194, 92.43777777777778, 0.89, 0.86,-26.904396802795596, 17.255714285714284, 18, 2.894444444444452, 12, 2.708333333333343, 11.535714285714285
4.mpnn_v9,diff_91,21,MKKKVKFTLHDDPTTPRAVAIEAVQAALDGVSREEVEALVAEADRRGRAEITVTVSEESIEKGKKLFAELGIPATIEELP,YAA, 91.05877613484239, 91.36501357323232, 82.89244444444445, 0.76, 0.73,-25.558734756341384, 16.452857142857145, 18, 6.016666666666664, 12, 5.76666666666667, 11.01142857142857
4.mpnn_v9,diff_91,22,GKKKVRFTLEDDPTTPRATAVAAVQTALDGVSRAEVEALVDEARRRGRAEREVTVSDEAIAAGRALFAALGIPATIEVLP,YAA, 97.76244159755906, 97.91742065746753, 93.62966666666667, 0.9, 0.86,-30.587672731184483, 20.811428571428575, 22, 3.7818181818181738, 13, 3.353846153846164, 12.377142857142855
4.mpnn_v9,diff_91,23,MKHRVRFTLYDDPTTPRATAVAAVEAALDGVSRAEVEALVDEADRNGVAEKEVTVSDESIARGRALFAALGIDATIEVLP,YAA, 96.80965767833237, 96.91369692460317, 94.03527777777776, 0.88, 0.84,-26.91239433926181, 17.231428571428573, 18, 2.9888888888888863, 12, 2.674999999999983, 11.541428571428574
4.mpnn_v9,diff_91,24,GKRRVVFTLEDDPTTPRATAVAAVEKALGGVSRAEVEALVDEARRRGRATRTVTVSDEDIEAGRKLFAELGIPATITELP,YAA, 96.38127768650358, 96.51745684974748, 92.74983333333331, 0.86, 0.79,-30.990984911507503, 21.352857142857147, 23, 5.013043478260857, 14, 4.571428571428571, 13.085714285714285
4.mpnn_v9,diff_91,25,MKHRVVFTLYNDPTTPRSTAIEAVMKALDGVSREEVERLVDEADRNGKATKTVTVSDASIEAGKALFAALGIPATITVLP,YAA, 96.84840082407551, 96.92349502164502, 94.84588888888891, 0.89, 0.87,-27.95198293955041, 18.267142857142858, 19, 2.6999999999999975, 13, 2.592307692307696, 12.518571428571429
4.mpnn_v9,diff_91,26,MRHRVRFTLEDDPTTPRATAVAAVQTALDGVSRAEVEALVDEADRRGRAEIDVEVSDAAIEAGRALFAALGIPATIEVLP,YAA, 98.02184541629721, 98.11921461940837, 95.42533333333334, 0.91, 0.88,-28.11075597020115, 18.30857142857143, 19, 2.5473684210526244, 13, 2.338461538461537, 12.565714285714286
4.mpnn_v9,diff_91,27,HMHRVVFTLEDDPTTPRATAIEAVMTALDGVSRAEVEALVDRAARDGRATRTVTVSDESIEAGRKRFAELGIPATIEVLP,YAA, 98.02564515203672, 98.13905267857143, 95.00144444444446, 0.91, 0.87,-28.011135943775095, 18.208571428571425, 19, 2.915789473684227, 13, 2.6307692307692254, 12.511428571428572
4.mpnn_v9,diff_91,28,HMHQVKFTLYDDDTTPRETAIEAVMAALDGVSREEVEALVDEADRNGKATKTVTVSDASIAAGKALFAALGIDATIEVLP,YAA, 97.6916916627549, 97.80385718344155, 94.70061111111112, 0.89, 0.86,-27.04774059484692, 17.278571428571432, 18, 2.805555555555543, 12, 2.583333333333343, 11.557142857142855
4.mpnn_v9,diff_91,29,SRLRVRFTLRDDPTTPRATAVAAVQAALDGVSEEEVRALVDEADRDGVAERTVTVSEASVEAGRRLFAELGIPATITELP,YAA, 89.92762339835532, 90.59979677579365, 72.003, 0.74, 0.48,-29.508476625549818, 20.515714285714285, 25, 12.556000000000004, 11, 10.536363636363633, 9.344285714285714
4.mpnn_v9,diff_92,0,ELVRVAFTLHRDPTIPREEVLAAVKEAIGGITDAEAEALVDEADRDGVATREFTITEESLRHAQRLFAELGIPATVERLP,YAA, 92.2782280376919, 93.17437617243868, 68.38094444444444, 0.8, 0.49,-15.076394232340618, 5.848571428571429, 7, 11.514285714285709, 2, 10.449999999999996, 1.7014285714285715
4.mpnn_v9,diff_92,1,ELVRVEFTLHNDPTIPRDTVLAAVKEAIGGITDAEAEALVDEADRNGVATRTFTISRESLLKAQELFARLGIPATVTELP,YAA, 96.32374729219907, 96.42768364898988, 93.5521111111111, 0.86, 0.83,-27.64380330064848, 18.01142857142857, 19, 3.642105263157897, 12, 3.175000000000002, 11.455714285714285
4.mpnn_v9,diff_92,2,SLVRVRFTLHNDPTIPRERVLAAVKEAIGGITDEEAEALVDEADRNGVATREFTISEESLRKAQELFARLGIPATVERLP,YAA, 97.04750159512508, 97.20337457160895, 92.89088888888891, 0.89, 0.85,-29.621893016655363, 19.917142857142856, 21, 3.6095238095238074, 12, 3.1166666666666742, 11.465714285714284
4.mpnn_v9,diff_92,3,ELVRVRFTLDNDPTIPREEVLAAVLEAIGGITEEQARALVDAADRDGRATREFTISRESLEHAQRLFAERGIPATVEELP,YAA, 95.87387838366455, 95.93915298971862, 94.13322222222222, 0.86, 0.84,-26.778816409795027, 17.191428571428574, 18, 3.1444444444444395, 12, 2.8333333333333237, 11.514285714285716
4.mpnn_v9,diff_92,4,ELVRVEFTLHNDPTLPRERVLAAVKEAIGGITDEQATALVDAADRDGVATRTFTISRESLERAQRLFAELGIPATVRELP,YAA, 94.46564062744484, 94.6153938176407, 90.47222222222221, 0.85, 0.79,-28.170849777030206, 18.72428571428572, 20, 4.464999999999975, 12, 3.7000000000000077, 11.365714285714285
4.mpnn_v9,diff_92,5,ELVEVAFTLHNDPTIPREEVLAAVLEAIGGITEEQATALVDAADRNGVATETFTITREDLERAQRLFAERGIPATVTELP,YAA, 96.31257972582972, 96.37594729888167, 94.62277777777778, 0.85, 0.81,-28.544115115440114, 18.912857142857142, 20, 3.805000000000007, 12, 2.983333333333339, 11.488571428571428
4.mpnn_v9,diff_92,6,MLVKVAFTLHRDPTRPRDEVLALVKEAIGGITDAQAEALVDEADRDGRATREFTITEESLEKAQELFKAAGIPATVERLP,YAA, 90.97022066621466, 91.35054352453103, 80.82827777777777, 0.76, 0.61,-29.68416492376432, 20.587142857142855, 24, 9.954166666666671, 12, 8.09166666666666, 10.612857142857145
4.mpnn_v9,diff_92,7,MLVRVRFTLHNDPTIPREEVLAAVLEAIGGITDEQAEALVDEADRNGVATREFEISRESLERAQRLFAERGIPATVEELP,YAA, 94.84012095133782, 94.98930882034634, 90.86177777777777, 0.85, 0.8,-27.434012095133784, 17.950000000000003, 19, 3.8684210526315668, 12, 3.2749999999999964, 11.438571428571429
4.mpnn_v9,diff_92,8,MLVRVRFTLHNDPTLPRERVLAAVLEAIGGITREQAEALVEEADRDGVAEREFEISRESLEHARRLFAELGIPATVEELP,YAA, 95.43218708165996, 95.62677118055555, 90.24327777777778, 0.87, 0.79,-29.17179013673742, 19.628571428571426, 21, 4.571428571428582, 12, 3.8083333333333464, 11.347142857142854
4.mpnn_v9,diff_92,9,PLVRVRFTLHNDPTIPREEVLAAVLEAIGGITREQAEALVNEADRNGVATREFEISEESLRHAQRLFAERGIPATVERLP,YAA, 96.19831480032686, 96.41126827200578, 90.51955555555556, 0.88, 0.82,-26.67983148003269, 17.060000000000002, 18, 3.6555555555555403, 12, 3.1583333333333314, 11.458571428571428
4.mpnn_v9,diff_92,10,ELVRVRFTLHNDPTIPREEVLAAVKEAIGGITDEQARALVDAADRDGVATATFDISRESLEHAQRLFAERGIPATVEELP,YAA, 96.38091840956902, 96.53727368326119, 92.21144444444444, 0.87, 0.8,-28.403806126671185, 18.765714285714285, 20, 4.320000000000005, 12, 3.6500000000000057, 11.374285714285714
4.mpnn_v9,diff_92,11,ELVRVAFTLENDPTIPRERVLAAVLEAIGGITEEQARALVDEADRNGSATREFTITRESLERARELFARLGIPATVTELP,YAA, 94.85161449260245, 95.0984104527417, 88.27038888888889, 0.85, 0.76,-25.405161449260248, 15.920000000000002, 17, 4.447058823529407, 12, 3.9749999999999943, 11.31857142857143
4.mpnn_v9,diff_92,12,ELVEVEFTLHNDPTIPRDRVLAAVREAIGGITDAQAEALVDEADRNGSATRTFTISRESLEHAQRLFAELGIPATVTELP,YAA, 96.50919279716268, 96.64377502705628, 92.92033333333332, 0.86, 0.82,-28.529490708287703, 18.878571428571433, 20, 3.924999999999977, 12, 3.3666666666666836, 11.42285714285714
4.mpnn_v9,diff_92,13,ELVRVAFTLHNDPTIPRDRVLAAVKEAIGGITDAQATALVDEADRNGVATRTFTITEESLERAQRLFAELGIPATVTRLP,YAA, 95.60149279803196, 95.68504461129149, 93.37344444444443, 0.86, 0.81,-26.62300642266034, 17.062857142857144, 18, 3.6444444444444395, 12, 3.233333333333339, 11.445714285714285
4.mpnn_v9,diff_92,14,MKVKVKFTLYNDPTIPRERVLAAVLEAIDGITEEQAEELVNEADRNGKATKEFEITEESLEKAKELFKKLGIPATVEKLP,YAA, 94.9044657895652, 95.04444367334055, 91.17172222222221, 0.87, 0.83,-26.577589436099377, 17.087142857142858, 18, 3.5499999999999923, 12, 3.2083333333333335, 11.45
4.mpnn_v9,diff_92,15,ELVRVRVTLRNDPTIPRERVLAAVLEAIGGITDAEAEALVDEADRDGEATRTFDISRESLERARELFARLGIPATVEELP,YAA, 96.08502665206281, 96.23494015151516, 92.08733333333333, 0.86, 0.79,-28.361359808063423, 18.752857142857142, 20, 4.365000000000009, 12, 3.7333333333333294, 11.360000000000001
4.mpnn_v9,diff_92,16,PLVRVRFTLERDPTIPRDRVLAAVLEAIGGITEEQARALVDAADRDGRAEREFTISEEDLERAQRLFAELGIPATVERLP,YAA, 92.35946697178322, 93.08953864989176, 72.89088888888888, 0.76, 0.46,-19.943089554321176, 10.707142857142856, 13, 12.346153846153856, 7, 12.242857142857142, 5.775714285714286
4.mpnn_v9,diff_92,17,ELVRVAFTLENDPTLPRERVLALVLEAIGGITREQAEALVDAADRDGRATAEFTISRESLLRAQELFAAAGIPATVEELP,YAA, 93.03847998487456, 93.19330840097402, 88.90972222222223, 0.81, 0.78,-24.38813371277317, 15.084285714285715, 16, 4.006249999999994, 12, 3.6500000000000057, 11.374285714285714
4.mpnn_v9,diff_92,18,ELVRVAFTLHNDPTIPRDTVLAAVKEAIGGITDAQAQALVDEADRNGSATREFTISRESLEHAQRLFAELGIPATVTELP,YAA, 96.57530516438047, 96.68759785804473, 93.58083333333333, 0.86, 0.83,-26.783244802152332, 17.125714285714285, 18, 3.4000000000000026, 12, 3.1666666666666763, 11.457142857142856
4.mpnn_v9,diff_92,19,MKVKVEVTLHNDPTIPRETVLAAVLEAIDGITEEEARALVDEADRNGVATKTFEISEESLEKAQRLFKELGIPATVTKLP,YAA, 95.2296804099515, 95.37591634199134, 91.33005555555555, 0.85, 0.78,-26.437253755280867, 16.914285714285718, 18, 4.22222222222221, 12, 3.758333333333335, 11.355714285714285
4.mpnn_v9,diff_92,20,ELVEVAFTLHNDPTIPRETVLALVLEAIGGITEEQARALVDEADRNGVATRTFTISEESLERAQRLFAEAGIPATVTRLP,YAA, 92.61139011022445, 92.79864640602453, 87.61788888888888, 0.82, 0.76,-26.111139011022445, 16.85, 18, 4.472222222222222, 12, 3.941666666666663, 11.324285714285715
4.mpnn_v9,diff_92,21,ELVRVRVTLENDPTIPRETVLAAVLEAIGGITEEQARALVDEADRDGRATREFTISEESLEHARRLFAERGIPATVERLP,YAA, 96.28668167475097, 96.36596140422078, 94.17255555555556, 0.87, 0.83,-27.6586681674751, 18.03, 19, 3.5736842105263085, 12, 2.983333333333339, 11.488571428571428
4.mpnn_v9,diff_92,22,ELVRVAFTLHNDPTLPRDTVLAAVKEAIGGITDEQAQALVDEADRDGSATREFTITRESLEHAQRLFAERGIPATVTELP,YAA, 96.70663894104557, 96.78135040133478, 94.71433333333333, 0.87, 0.84,-26.860663894104555, 17.189999999999998, 18, 3.150000000000015, 12, 2.8166666666666536, 11.51714285714286
4.mpnn_v9,diff_92,23,MLVRIRFTLHNDPTIPRDTVLAAVKEAIGGITDAQAQALVDEADRDGVATREFTVSEESLEHAQRLFAERGIPATAERLP,YAA, 96.31753893930701, 96.41845914953103, 93.62633333333333, 0.88, 0.84,-26.81032532250213, 17.17857142857143, 18, 3.1944444444444318, 12, 2.8749999999999907, 11.507142857142858
4.mpnn_v9,diff_92,24,ELVRVAFTLENDPTLPRDRVLAAVKEAIGGITDAQAQALVDAADRDGRATATFTISRESLEHAQRLFAELGIPATVTELP,YAA, 95.67829757993013, 95.9555212391775, 88.28566666666666, 0.85, 0.74,-24.523544043707297, 14.955714285714283, 16, 4.5687500000000085, 12, 4.058333333333327, 11.304285714285715
4.mpnn_v9,diff_92,25,ELVRVAFTLHNDPTIPRERVLAAVLEAIGGITDAQAEALVDEADRDGSATRTFTISRESLEHAQRLFAELGIPATVTELP,YAA, 96.28498113232148, 96.50649500811687, 90.37794444444444, 0.86, 0.77,-28.307069541803575, 18.678571428571427, 20, 4.625, 12, 3.925000000000002, 11.327142857142857
4.mpnn_v9,diff_92,26,MLVRVRFTLENDPTLPREEVLAAVLEAIGGITEEQARALVDEADRDGRAEREFEISEESLEHAQRLFAERGIPATVERLP,YAA, 96.05032424937846, 96.11052807539683, 94.44488888888888, 0.86, 0.84,-26.83646099636642, 17.231428571428573, 18, 2.9888888888888863, 12, 2.6416666666666706, 11.547142857142857
4.mpnn_v9,diff_92,27,ELVEVEFTLHNDPTIPRETVLAAVLEAIGGITDAQAEALVDAADRDGVATATFTISEESLERAQRLFAELGIPATVTRLP,YAA, 92.53402676941532, 92.81494652326839, 85.04283333333332, 0.81, 0.71,-24.027688391227244, 14.774285714285714, 16, 5.362499999999997, 12, 4.850000000000004, 11.168571428571427
4.mpnn_v9,diff_92,28,ELVKVAFTLYNDPTIPKETVLAAVKEAIGGITDEQAKALVDEADKNGKATKTFTISRESLEKAKELFKKLGIPATVEELP,YAA, 92.20908973556564, 92.41911601731603, 86.60838888888888, 0.81, 0.75,-30.48662325927085, 21.265714285714285, 23, 5.278260869565221, 13, 4.461538461538453, 12.171428571428573
4.mpnn_v9,diff_92,29,ELVRVRVTLHNDPTLPRETVLAAVLEAIGGITEEQARALVDEADRDGVAEREFTISRESLEHAQRLFAELGIPATVTELP,YAA, 95.90952747787686, 96.06129934163059, 91.86227777777778, 0.86, 0.8,-26.56380989064483, 16.972857142857144, 18, 3.994444444444437, 12, 3.641666666666661, 11.375714285714286
