PDB,SASAs,B1,B1,bb,B1,sc,B2,B2,bb,B2,sc,B3,B3,bb,B3,sc
v7,1,0,165.48,58.75,106.73,96.58,37.4,59.17,156.95,61.89,95.06
v7,1,1,141.37,81.4,59.97,116.31,57.14,59.17,70.52,20.53,49.99
v7,1,2,43.97,39.14,4.83,52.79,9.32,43.47,124.98,33.8,91.18
v7,1,3,140.78,71.04,69.73,70.67,34.44,36.23,63.76,28.4,35.36
v7,1,4,250.01,81.83,168.18,112.83,53.65,59.17,143.2,44.13,99.07
v7,1,5,232.33,75.02,157.31,83.77,28.21,55.55,88.32,43.29,45.04
v7,1,6,40.43,39.22,1.21,43.11,10.5,32.61,126.87,47.2,79.67
v7,1,7,21.68,21.68,0.0,31.4,3.62,27.78,110.19,32.41,77.78
v7,1,8,271.0,83.22,187.77,90.2,37.06,53.14,136.14,58.94,77.2
v7,1,9,123.77,61.79,61.98,83.57,38.89,44.68,106.01,29.08,76.93
v7,2,0,45.81,32.93,12.88,79.42,28.7,50.72,107.31,38.42,68.88
v7,2,1,33.96,31.54,2.42,43.09,10.48,32.61,124.63,45.27,79.36
v7,2,2,39.06,36.64,2.42,45.66,10.64,35.02,139.87,48.82,91.05
v7,2,3,158.43,11.58,146.85,70.26,38.86,31.4,95.57,14.88,80.69
v7,2,4,106.1,10.75,95.35,75.15,15.97,59.17,90.21,24.94,65.28
v7,2,5,23.84,16.34,7.5,58.75,20.1,38.64,127.55,51.15,76.4
v7,2,6,29.75,11.79,17.96,50.29,20.1,30.19,139.49,57.87,81.62
v7,2,7,41.02,32.98,8.04,48.08,9.43,38.64,142.34,49.83,92.51
v7,2,8,82.17,76.27,5.9,50.49,9.43,41.06,110.75,47.59,63.15
v7,2,9,163.09,25.91,137.17,56.45,23.84,32.61,154.53,59.08,95.45
v7,3,0,213.84,77.84,136.0,99.97,39.59,60.38,145.94,57.87,88.07
v7,3,1,103.9,67.68,36.23,74.95,21.81,53.14,36.84,8.98,27.86
v7,3,2,201.91,34.55,167.36,62.39,21.33,41.06,103.84,45.25,58.59
v7,3,3,105.01,76.03,28.98,56.76,9.66,47.1,128.81,57.65,71.16
v7,3,4,204.94,83.43,121.51,92.77,38.43,54.34,107.27,62.93,44.34
v7,3,5,57.93,47.74,10.19,49.28,7.02,42.27,142.92,46.52,96.4
v7,3,6,105.07,61.2,43.87,73.58,24.07,49.51,97.85,33.64,64.21
v7,3,7,187.4,89.72,97.68,65.78,10.23,55.55,21.95,21.95,0.0
v7,3,8,249.25,90.61,158.64,85.16,30.81,54.34,74.48,39.2,35.28
v7,3,9,111.27,78.66,32.61,52.79,10.53,42.27,105.85,19.76,86.1
v7,4,0,100.42,0.0,100.42,39.95,18.21,21.74,101.96,50.9,51.06
v7,4,1,158.22,73.6,84.62,90.98,40.26,50.72,8.18,4.56,3.62
v7,4,2,77.11,18.28,58.83,41.06,6.04,35.02,144.04,57.8,86.23
v7,4,3,122.3,60.61,61.69,84.46,39.78,44.68,89.26,15.82,73.44
v7,4,4,109.6,34.65,74.96,49.38,8.32,41.06,96.03,51.01,45.02
v7,4,5,42.21,42.21,0.0,58.22,12.33,45.89,90.93,51.95,38.98
v7,4,6,90.84,2.19,88.65,11.28,6.45,4.83,80.69,48.1,32.59
v7,4,7,166.65,85.64,81.01,92.97,36.22,56.76,115.79,54.14,61.65
v7,4,8,125.06,75.55,49.51,99.27,46.13,53.14,159.41,53.36,106.05
v7,4,9,97.88,65.02,32.86,51.93,4.83,47.1,101.2,44.22,56.98
v7,5,0,223.38,63.24,160.13,39.1,13.74,25.36,52.83,3.62,49.2
v7,5,1,274.44,80.51,193.93,104.28,45.1,59.17,109.24,45.97,63.27
v7,5,2,166.19,39.07,127.12,76.0,31.32,44.68,63.93,45.16,18.78
v7,5,3,191.44,87.07,104.36,50.04,13.81,36.23,84.5,51.93,32.57
v7,5,4,282.69,81.38,201.31,38.39,17.87,20.53,54.57,33.51,21.06
v7,5,5,62.72,51.85,10.87,50.47,7.0,43.47,146.35,51.04,95.31
v7,5,6,145.14,42.45,102.7,78.76,28.04,50.72,16.34,6.7,9.64
v7,5,7,216.63,81.56,135.06,36.23,3.62,32.61,105.77,47.44,58.34
v7,5,8,254.85,89.9,164.95,99.38,41.42,57.97,159.25,61.38,97.86
v7,5,9,142.06,71.91,70.14,50.15,11.51,38.64,114.62,44.22,70.4
v7,6,0,222.11,77.89,144.22,112.89,53.72,59.17,164.69,52.61,112.08
v7,6,1,276.13,70.53,205.6,96.92,35.33,61.59,119.03,49.96,69.07
v7,6,2,226.41,74.32,152.09,94.18,39.84,54.34,166.76,66.62,100.14
v7,6,3,211.11,93.61,117.49,85.18,29.63,55.55,155.91,55.09,100.82
v7,6,4,114.51,71.85,42.66,70.89,22.58,48.31,147.94,55.44,92.51
v7,6,5,169.39,3.62,165.76,66.59,37.61,28.98,137.78,48.37,89.41
v7,6,6,259.9,80.19,179.71,99.66,51.35,48.31,120.16,47.09,73.07
v7,6,7,154.94,57.33,97.61,49.06,4.37,44.68,54.8,43.02,11.79
v7,6,8,207.08,16.91,190.17,75.05,37.61,37.44,90.07,48.1,41.98
v7,6,9,277.8,79.44,198.35,51.83,34.92,16.91,154.25,57.71,96.54
v7,7,0,127.41,58.99,68.43,97.38,46.66,50.72,74.68,36.31,38.37
v7,7,1,158.8,44.4,114.4,38.64,2.42,36.23,90.58,33.76,56.82
v7,7,2,46.51,28.55,17.96,91.61,42.1,49.51,138.99,53.48,85.52
v7,7,3,209.84,48.65,161.19,78.37,30.07,48.31,74.55,13.13,61.42
v7,7,4,102.94,48.59,54.34,42.27,7.25,35.02,110.53,19.21,91.32
v7,7,5,164.2,49.8,114.4,33.56,8.2,25.36,114.0,16.39,97.61
v7,7,6,62.54,56.63,5.9,54.8,11.33,43.47,149.41,58.92,90.48
v7,7,7,173.68,57.55,116.13,32.61,6.04,26.57,38.25,22.98,15.27
v7,7,8,130.86,35.61,95.25,49.05,34.56,14.49,75.91,13.81,62.1
v7,7,9,116.09,65.82,50.28,66.4,13.27,53.14,80.69,37.28,43.4
v7,8,0,137.84,63.92,73.92,10.87,8.45,2.42,109.22,55.3,53.92
v7,8,1,187.6,23.99,163.6,47.97,22.61,25.36,101.87,42.65,59.22
v7,8,2,174.9,73.65,101.25,72.62,17.07,55.55,96.82,35.67,61.14
v7,8,3,70.91,24.9,46.01,98.81,45.68,53.14,57.74,53.32,4.42
v7,8,4,160.34,72.37,87.97,92.93,33.76,59.17,107.02,62.0,45.02
v7,8,5,43.55,30.4,13.15,57.44,5.52,51.93,35.65,26.26,9.39
v7,8,6,132.54,46.28,86.27,65.0,43.26,21.74,104.38,54.66,49.71
v7,8,7,83.95,58.58,25.36,73.39,17.84,55.55,85.45,20.83,64.61
v7,8,8,201.79,33.36,168.43,71.06,43.29,27.78,167.38,61.61,105.77
v7,8,9,183.99,46.94,137.05,111.46,49.87,61.59,162.78,58.08,104.7
v7,9,0,73.77,60.76,13.01,55.81,11.12,44.68,167.68,63.78,103.9
v7,9,1,45.4,34.53,10.87,37.3,7.11,30.19,140.02,55.44,84.58
v7,9,2,30.52,25.03,5.49,49.24,8.18,41.06,139.51,45.38,94.12
v7,9,3,53.08,38.47,14.61,67.2,18.9,48.31,142.09,58.69,83.39
v7,9,4,147.72,81.47,66.25,54.34,9.66,44.68,103.71,27.03,76.67
v7,9,5,68.99,18.44,50.55,55.81,13.54,42.27,123.81,52.92,70.89
v7,9,6,24.54,24.54,0.0,57.31,10.21,47.1,112.08,47.76,64.32
v7,9,7,13.58,9.96,3.62,55.44,2.3,53.14,103.51,43.61,59.9
v7,9,8,172.91,78.85,94.06,65.28,21.81,43.47,125.6,54.11,71.49
v7,9,9,35.55,28.85,6.7,59.88,12.78,47.1,125.96,53.83,72.13
v7,10,0,173.74,71.58,102.17,77.02,23.89,53.14,109.51,60.61,48.9
v7,10,1,154.25,83.42,70.82,90.86,37.73,53.14,115.96,54.73,61.23
v7,10,2,140.88,34.7,106.18,83.2,43.35,39.85,96.64,62.32,34.32
v7,10,3,249.24,88.85,160.39,51.95,13.31,38.64,141.26,41.92,99.34
v7,10,4,142.37,72.11,70.26,60.0,8.07,51.93,84.52,49.81,34.71
v7,10,5,275.45,78.17,197.28,70.21,27.94,42.27,53.75,14.77,38.98
v7,10,6,183.66,91.54,92.12,78.07,20.1,57.97,74.93,15.41,59.53
v7,10,7,126.68,71.67,55.01,55.01,16.36,38.64,63.99,14.29,49.7
v7,10,8,132.22,59.76,72.46,55.19,11.71,43.47,122.21,32.53,89.68
v7,10,9,149.81,62.74,87.07,57.42,10.32,47.1,111.04,22.81,88.22
v7,11,0,268.9,74.97,193.93,109.91,48.32,61.59,158.34,67.04,91.3
v7,11,1,185.93,26.06,159.86,81.45,48.85,32.61,96.13,57.63,38.51
v7,11,2,242.13,82.81,159.32,43.8,14.81,28.98,46.64,5.36,41.28
v7,11,3,95.63,11.44,84.19,89.44,31.48,57.97,105.06,53.32,51.74
v7,11,4,117.81,61.87,55.94,66.67,13.54,53.14,49.94,29.31,20.63
v7,11,5,205.79,81.9,123.89,61.36,14.26,47.1,72.5,13.13,59.37
v7,11,6,264.98,66.49,198.49,66.04,46.72,19.32,165.42,54.54,110.88
v7,11,7,156.31,71.83,84.48,96.0,36.83,59.17,57.14,29.81,27.33
v7,11,8,179.87,44.28,135.59,100.04,39.66,60.38,163.41,65.55,97.86
v7,11,9,165.76,44.43,121.34,59.81,21.17,38.64,68.51,3.51,65.0
v7,12,0,220.98,70.53,150.46,88.45,38.93,49.51,124.52,44.77,79.75
v7,12,1,246.73,93.43,153.3,86.21,29.45,56.76,145.14,56.12,89.02
v7,12,2,261.41,82.11,179.3,88.94,32.18,56.76,169.32,58.3,111.01
v7,12,3,172.46,35.27,137.19,94.98,35.81,59.17,93.93,27.74,66.19
v7,12,4,266.49,76.45,190.03,96.74,44.81,51.93,161.16,52.56,108.6
v7,12,5,239.85,91.23,148.62,100.23,44.68,55.55,165.42,65.53,99.89
v7,12,6,284.49,88.28,196.21,102.53,45.77,56.76,170.87,61.34,109.53
v7,12,7,172.51,80.1,92.41,68.73,14.38,54.34,63.48,16.32,47.16
v7,12,8,178.33,82.29,96.05,101.16,40.77,60.38,93.02,44.38,48.64
v7,12,9,156.87,25.84,131.03,69.08,38.89,30.19,83.88,30.43,53.45
v7,13,0,158.56,38.15,120.42,100.68,48.76,51.93,167.52,55.57,111.95
v7,13,1,284.45,83.41,201.04,104.47,53.75,50.72,141.55,35.24,106.32
v7,13,2,213.23,50.97,162.26,80.84,39.78,41.06,69.86,42.63,27.23
v7,13,3,42.05,36.15,5.9,69.91,21.61,48.31,119.37,53.02,66.35
v7,13,4,24.02,0.0,24.02,40.34,25.85,14.49,106.13,44.22,61.91
v7,13,5,257.3,76.62,180.68,102.46,46.91,55.55,166.86,55.98,110.88
v7,13,6,236.29,89.94,146.34,103.76,47.0,56.76,135.41,58.35,77.06
v7,13,7,79.71,17.2,62.51,103.87,42.28,61.59,94.73,60.02,34.71
v7,13,8,69.2,27.13,42.08,58.49,8.98,49.51,147.72,54.0,93.71
v7,13,9,217.77,55.51,162.26,78.28,32.39,45.89,75.7,25.87,49.83
v7,14,0,171.83,23.51,148.31,57.89,40.98,16.91,110.45,25.6,84.85
v7,14,1,233.8,79.94,153.86,22.12,14.88,7.25,116.5,48.75,67.75
v7,14,2,191.04,18.84,172.19,39.05,35.42,3.62,64.36,31.09,33.27
v7,14,3,184.75,64.04,120.71,42.15,9.55,32.61,114.27,35.83,78.44
v7,14,4,124.27,32.56,91.71,71.31,30.25,41.06,69.02,14.22,54.8
v7,14,5,33.8,28.97,4.83,39.72,5.9,33.81,102.62,57.74,44.88
v7,14,6,212.26,47.7,164.56,31.7,20.83,10.87,86.73,23.27,63.46
v7,14,7,152.25,45.11,107.13,61.92,36.56,25.36,94.9,18.64,76.26
v7,14,8,207.1,31.42,175.68,42.17,30.09,12.08,99.64,13.56,86.08
v7,14,9,192.38,55.18,137.21,14.49,8.45,6.04,104.68,54.25,50.43
v7,15,0,33.59,27.83,5.77,102.71,43.54,59.17,136.05,51.61,84.44
v7,15,1,41.09,36.4,4.69,66.15,17.85,48.31,141.95,57.35,84.6
v7,15,2,185.01,56.66,128.35,95.06,44.33,50.72,112.64,62.21,50.43
v7,15,3,35.87,23.41,12.47,54.78,13.72,41.06,154.05,50.01,104.04
v7,15,4,42.25,41.04,1.21,75.88,15.5,60.38,86.64,45.58,41.06
v7,15,5,51.35,37.13,14.22,62.19,24.75,37.44,170.05,71.09,98.95
v7,15,6,207.87,57.68,150.18,46.69,8.04,38.64,131.56,42.12,89.45
v7,15,7,207.09,69.12,137.97,43.03,33.37,9.66,151.59,45.82,105.77
v7,15,8,101.24,80.85,20.39,55.21,8.11,47.1,119.95,43.13,76.83
v7,15,9,26.64,26.64,0.0,71.78,21.06,50.72,83.66,65.31,18.35
v7,16,0,174.9,40.4,134.5,88.2,41.1,47.1,87.27,11.67,75.6
v7,16,1,145.08,56.88,88.2,94.16,34.99,59.17,114.79,57.31,57.49
v7,16,2,155.85,44.84,111.01,61.65,29.04,32.61,53.71,36.43,17.28
v7,16,3,238.33,68.55,169.78,86.62,40.73,45.89,144.39,59.24,85.14
v7,16,4,65.4,52.25,13.15,54.12,11.85,42.27,118.14,36.88,81.27
v7,16,5,20.74,19.67,1.07,50.61,10.75,39.85,103.22,36.7,66.52
v7,16,6,104.84,52.68,52.16,76.64,35.58,41.06,54.8,8.45,46.35
v7,16,7,46.36,5.36,41.01,28.98,2.42,26.57,97.75,46.57,51.18
v7,16,8,110.24,59.13,51.11,72.94,16.18,56.76,122.74,45.25,77.49
v7,16,9,104.53,77.96,26.57,75.06,23.13,51.93,89.81,48.67,41.14
v7,17,0,126.1,5.7,120.4,97.86,41.1,56.76,126.52,41.94,84.58
v7,17,1,195.98,23.65,172.33,72.54,31.48,41.06,122.13,58.58,63.54
v7,17,2,57.96,41.05,16.91,32.61,3.62,28.98,145.87,53.22,92.64
v7,17,3,126.78,41.23,85.55,42.15,9.55,32.61,86.95,42.15,44.8
v7,17,4,85.84,79.94,5.9,57.47,7.95,49.51,101.38,28.06,73.32
v7,17,5,188.08,67.13,120.95,72.41,25.31,47.1,145.39,49.67,95.72
v7,17,6,56.04,18.21,37.83,45.89,10.87,35.02,129.34,30.79,98.55
v7,17,7,229.67,65.65,164.01,100.41,47.27,53.14,158.22,52.84,105.38
v7,17,8,141.39,27.16,114.23,43.36,40.94,2.42,78.81,5.9,72.91
v7,17,9,87.2,31.26,55.94,88.24,30.27,57.97,81.24,30.65,50.58
v7,18,0,198.05,54.57,143.48,108.09,46.5,61.59,150.96,55.78,95.18
v7,18,1,176.16,85.64,90.52,75.26,14.88,60.38,76.07,33.6,42.47
v7,18,2,197.25,67.56,129.69,98.2,41.44,56.76,69.15,9.39,59.77
v7,18,3,215.85,78.8,137.05,104.1,46.13,57.97,168.32,63.62,104.7
v7,18,4,114.47,59.6,54.87,42.27,4.83,37.44,93.71,53.11,40.6
v7,18,5,109.88,63.99,45.89,31.26,4.69,26.57,122.5,45.54,76.96
v7,18,6,160.79,86.07,74.72,81.08,24.32,56.76,96.32,49.65,46.67
v7,18,7,276.85,75.81,201.04,105.4,61.92,43.47,163.85,59.15,104.7
v7,18,8,262.61,78.71,183.9,96.92,43.79,53.14,170.07,59.19,110.88
v7,18,9,267.13,81.93,185.2,110.53,57.39,53.14,99.17,36.31,62.86
v7,19,0,173.74,56.38,117.36,82.34,29.2,53.14,89.38,54.25,35.12
v7,19,1,90.64,44.8,45.84,91.35,29.77,61.59,148.18,63.87,84.31
v7,19,2,158.15,78.6,79.55,112.88,58.53,54.34,108.37,56.99,51.38
v7,19,3,158.22,57.48,100.74,33.81,4.83,28.98,83.9,11.92,71.98
v7,19,4,235.56,89.06,146.5,106.1,45.72,60.38,163.28,60.17,103.1
v7,19,5,212.26,65.83,146.42,111.62,52.45,59.17,128.05,55.69,72.37
v7,19,6,198.4,86.53,111.87,101.5,43.54,57.97,138.4,65.62,72.78
v7,19,7,148.79,45.89,102.9,106.72,46.34,60.38,82.53,53.82,28.71
v7,19,8,194.67,52.26,142.41,73.65,26.55,47.1,169.22,66.12,103.1
v7,19,9,208.18,58.5,149.67,40.83,11.85,28.98,101.88,21.86,80.02
v7,20,0,279.85,88.6,191.24,95.28,39.72,55.55,167.1,61.58,105.52
v7,20,1,80.36,62.92,17.43,46.87,10.64,36.23,125.0,34.62,90.38
v7,20,2,183.01,71.86,111.15,28.31,22.27,6.04,95.57,11.48,84.09
v7,20,3,203.73,31.53,172.19,28.16,7.63,20.53,142.91,58.74,84.17
v7,20,4,186.9,44.2,142.7,4.83,3.62,1.21,56.07,7.77,48.31
v7,20,5,229.41,92.09,137.33,97.97,42.42,55.55,143.09,60.13,82.96
v7,20,6,168.12,54.97,113.16,102.53,45.77,56.76,137.07,62.0,75.07
v7,20,7,171.64,32.32,139.31,49.75,24.39,25.36,171.48,64.62,106.86
v7,20,8,223.51,62.05,161.46,90.99,33.02,57.97,105.46,52.22,53.24
v7,20,9,99.85,37.25,62.61,42.04,10.64,31.4,103.12,27.87,75.25
v7,21,0,166.41,42.23,124.18,80.35,27.22,53.14,112.76,64.37,48.39
v7,21,1,194.18,49.73,144.45,11.8,4.56,7.25,103.75,25.05,78.7
v7,21,2,131.8,4.42,127.37,74.15,17.39,56.76,152.62,56.62,95.99
v7,21,3,147.28,49.89,97.39,29.4,18.53,10.87,101.95,35.42,66.54
v7,21,4,243.8,83.41,160.39,64.56,24.71,39.85,118.16,37.7,80.47
v7,21,5,208.48,57.34,151.14,17.43,11.4,6.04,115.66,28.49,87.17
v7,21,6,176.75,17.84,158.91,59.05,40.94,18.11,148.15,49.35,98.8
v7,21,7,136.27,41.07,95.19,65.88,28.45,37.44,144.03,59.97,84.05
v7,21,8,174.51,42.42,132.09,94.96,45.45,49.51,110.74,40.46,70.28
v7,21,9,50.78,50.78,0.0,63.97,25.32,38.64,140.13,57.97,82.17
v7,22,0,217.34,91.02,126.32,42.27,3.62,38.64,118.55,38.09,80.47
v7,22,1,158.43,42.58,115.84,62.26,34.49,27.78,111.64,55.6,56.04
v7,22,2,144.95,85.66,59.29,95.64,34.05,61.59,102.71,49.92,52.79
v7,22,3,159.67,66.42,93.24,13.28,2.42,10.87,13.93,5.36,8.57
v7,22,4,134.89,52.83,82.07,85.75,26.57,59.17,124.88,52.91,71.98
v7,22,5,97.07,24.8,72.27,21.74,3.62,18.11,117.32,53.27,64.05
v7,22,6,192.99,83.84,109.14,44.68,6.04,38.64,136.09,55.23,80.86
v7,22,7,103.84,20.82,83.02,68.37,33.35,35.02,72.06,35.49,36.57
v7,22,8,173.22,82.29,90.93,41.81,11.62,30.19,114.17,31.46,82.71
v7,22,9,150.36,76.89,73.48,70.71,16.37,54.34,108.79,55.32,53.47
v7,23,0,133.53,87.64,45.89,71.81,30.75,41.06,41.92,29.07,12.86
v7,23,1,223.14,61.82,161.32,83.5,40.03,43.47,119.0,39.39,79.61
v7,23,2,123.88,32.7,91.18,90.63,38.71,51.93,83.75,55.6,28.15
v7,23,3,141.8,62.31,79.5,42.27,3.62,38.64,108.55,32.66,75.89
v7,23,4,130.19,50.26,79.92,87.4,35.47,51.93,55.99,36.7,19.29
v7,23,5,178.54,62.01,116.52,53.02,9.55,43.47,78.91,45.54,33.37
v7,23,6,135.86,58.74,77.12,83.11,25.14,57.97,76.45,53.68,22.77
v7,23,7,168.48,80.53,87.95,80.26,27.13,53.14,98.54,44.27,54.27
v7,23,8,94.35,61.1,33.25,87.53,29.56,57.97,134.8,47.66,87.13
v7,23,9,154.83,52.27,102.56,71.49,18.35,53.14,73.83,41.55,32.28
v7,24,0,182.19,32.81,149.38,79.08,45.27,33.81,69.44,39.39,30.05
v7,24,1,170.41,31.87,138.53,67.26,41.9,25.36,115.03,55.73,59.29
v7,24,2,219.81,55.93,163.88,74.97,20.63,54.34,113.37,37.52,75.85
v7,24,3,67.91,48.33,19.58,102.3,44.33,57.97,90.51,14.79,75.72
v7,24,4,90.64,0.0,90.64,3.35,3.35,0.0,2.42,1.21,1.21
v7,24,5,107.13,39.05,68.08,90.52,41.01,49.51,91.67,62.3,29.37
v7,24,6,207.25,53.44,153.81,49.77,15.95,33.81,162.25,60.49,101.76
v7,24,7,126.78,66.59,60.19,52.18,12.33,39.85,154.26,61.89,92.37
v7,24,8,231.46,41.15,190.31,41.57,35.54,6.04,54.97,32.16,22.81
v7,24,9,183.36,60.51,122.85,28.98,1.21,27.78,88.14,24.7,63.44
v7,25,0,66.8,47.48,19.32,37.03,11.67,25.36,145.84,46.09,99.75
v7,25,1,195.86,29.57,166.29,86.02,25.64,60.38,110.66,60.21,50.45
v7,25,2,140.3,38.78,101.52,73.09,36.86,36.23,108.51,23.09,85.42
v7,25,3,67.5,62.67,4.83,86.44,36.93,49.51,151.29,60.54,90.75
v7,25,4,132.85,23.86,108.99,57.69,14.22,43.47,116.18,47.36,68.82
v7,25,5,149.33,59.51,89.82,43.47,3.62,39.85,92.61,31.91,60.7
v7,25,6,106.8,4.83,101.97,95.39,43.47,51.93,94.91,59.51,35.39
v7,25,7,128.1,4.49,123.62,44.41,3.35,41.06,119.39,38.96,80.43
v7,25,8,97.92,33.66,64.26,69.5,16.37,53.14,54.97,19.33,35.65
v7,25,9,77.86,66.99,10.87,51.36,13.92,37.44,95.74,25.07,70.67
v7,26,0,116.72,25.66,91.06,95.8,36.62,59.17,138.4,64.42,73.98
v7,26,1,27.39,26.19,1.21,60.27,7.13,53.14,91.7,45.75,45.95
v7,26,2,136.03,39.42,96.61,69.17,37.77,31.4,73.97,44.34,29.63
v7,26,3,120.02,50.3,69.72,77.26,38.61,38.64,111.25,24.12,87.13
v7,26,4,155.79,43.16,112.63,71.46,19.53,51.93,109.98,42.01,67.96
v7,26,5,138.95,69.35,69.6,55.41,5.9,49.51,67.84,38.91,28.93
v7,26,6,146.44,58.74,87.69,92.0,34.03,57.97,111.65,54.84,56.81
v7,26,7,167.0,71.92,95.08,35.98,4.58,31.4,139.48,40.13,99.34
v7,26,8,94.33,10.53,83.8,50.09,25.94,24.15,91.94,19.44,72.5
v7,26,9,13.54,12.33,1.21,56.64,5.92,50.72,145.48,61.18,84.31
v7,27,0,46.76,33.75,13.01,67.77,13.42,54.34,162.62,53.88,108.73
v7,27,1,182.39,27.1,155.29,48.19,5.92,42.27,93.21,27.51,65.7
v7,27,2,122.13,13.92,108.21,95.23,36.06,59.17,87.6,16.25,71.35
v7,27,3,37.47,24.46,13.01,81.6,29.68,51.93,141.47,57.17,84.31
v7,27,4,39.93,36.71,3.21,93.89,40.76,53.14,82.05,8.32,73.73
v7,27,5,35.25,34.04,1.21,49.07,27.33,21.74,156.88,62.23,94.65
v7,27,6,61.99,54.74,7.25,48.17,9.52,38.64,121.24,38.09,83.15
v7,27,7,260.11,71.15,188.96,51.84,32.52,19.32,165.1,56.64,108.46
v7,27,8,152.48,1.09,151.39,73.11,27.22,45.89,70.51,57.65,12.86
v7,27,9,50.66,42.21,8.45,72.83,30.56,42.27,87.84,49.12,38.73
v7,28,0,61.97,45.06,16.91,51.47,12.83,38.64,139.34,43.33,96.01
v7,28,1,40.09,40.09,0.0,49.9,10.05,39.85,152.96,65.83,87.13
v7,28,2,85.58,54.18,31.4,67.37,32.35,35.02,139.15,60.06,79.09
v7,28,3,48.83,37.03,11.8,45.28,12.67,32.61,111.76,59.24,52.52
v7,28,4,52.26,48.64,3.62,37.16,6.97,30.19,158.4,71.64,86.76
v7,28,5,66.25,66.25,0.0,50.72,2.42,48.31,99.06,30.56,68.49
v7,28,6,12.21,12.21,0.0,51.66,23.88,27.78,85.62,40.21,45.41
v7,28,7,38.72,35.1,3.62,50.72,3.62,47.1,142.84,62.14,80.7
v7,28,8,89.2,17.2,72.0,87.7,45.43,42.27,110.96,36.18,74.78
v7,28,9,46.05,46.05,0.0,74.13,18.58,55.55,90.47,36.49,53.98
v7,29,0,104.86,0.0,104.86,60.56,38.82,21.74,101.57,37.52,64.05
v7,29,1,163.51,69.6,93.9,48.56,14.75,33.81,134.17,47.41,86.76
v7,29,2,137.32,69.44,67.88,55.44,7.13,48.31,145.5,48.82,96.67
v7,29,3,173.91,69.87,104.04,55.14,6.84,48.31,93.81,23.98,69.83
v7,29,4,118.5,36.67,81.83,34.7,32.28,2.42,145.64,50.72,94.92
v7,29,5,248.81,75.68,173.13,69.01,30.36,38.64,161.21,77.16,84.05
v7,29,6,253.4,64.3,189.1,34.34,19.85,14.49,80.59,26.12,54.46
v7,29,7,58.53,56.11,2.42,74.9,18.14,56.76,139.46,41.71,97.75
v7,29,8,164.24,80.45,83.8,91.91,37.56,54.34,111.19,59.86,51.33
v7,29,9,71.51,27.27,44.24,69.89,31.25,38.64,41.41,30.55,10.87
v7,30,0,61.37,32.41,28.97,32.49,13.17,19.32,113.77,55.34,58.42
v7,30,1,148.57,32.71,115.86,12.88,3.21,9.66,155.48,60.02,95.47
v7,30,2,203.86,21.87,181.99,80.79,42.14,38.64,73.44,47.16,26.28
v7,30,3,126.31,88.88,37.44,61.13,9.2,51.93,137.57,38.75,98.82
v7,30,4,138.44,84.23,54.21,53.74,40.46,13.28,130.3,54.41,75.89
v7,30,5,165.38,13.85,151.53,38.17,22.47,15.7,126.17,46.11,80.06
v7,30,6,122.09,29.39,92.7,101.0,43.04,57.97,136.03,57.74,78.29
v7,30,7,125.46,32.23,93.22,20.92,13.67,7.25,77.04,17.07,59.97
v7,30,8,160.53,74.29,86.23,9.12,9.12,0.0,89.44,12.71,76.73
v7,30,9,145.88,56.57,89.31,28.73,7.0,21.74,90.26,22.93,67.34
v7,31,0,162.82,59.68,103.14,47.06,20.49,26.57,84.41,29.88,54.53
v7,31,1,227.06,26.02,201.04,83.0,44.36,38.64,92.74,49.97,42.78
v7,31,2,82.63,1.07,81.56,33.37,33.37,0.0,108.58,20.51,88.07
v7,31,3,129.95,1.09,128.85,77.21,31.32,45.89,105.68,70.79,34.89
v7,31,4,143.84,25.85,117.99,45.75,11.94,33.81,115.98,33.51,82.47
v7,31,5,182.52,58.77,123.75,50.04,6.56,43.47,98.68,49.76,48.91
v7,31,6,2.28,0.0,2.28,35.3,9.94,25.36,127.99,56.42,71.57
v7,31,7,111.65,45.77,65.87,115.17,57.21,57.97,153.21,65.4,87.81
v7,31,8,54.36,51.95,2.42,53.14,7.25,45.89,29.1,13.15,15.95
v7,31,9,100.57,56.32,44.26,70.12,31.48,38.64,83.27,11.12,72.15
v7,32,0,189.49,45.31,144.18,86.28,31.93,54.34,116.7,64.3,52.4
v7,32,1,186.23,8.0,178.23,75.76,41.94,33.81,99.74,21.74,78.0
v7,32,2,159.23,54.1,105.13,98.11,41.35,56.76,136.71,40.6,96.11
v7,32,3,116.27,7.25,109.02,83.32,39.84,43.47,107.59,43.68,63.91
v7,32,4,151.75,55.16,96.59,49.38,4.69,44.68,116.08,50.63,65.45
v7,32,5,181.2,80.76,100.43,100.18,41.01,59.17,152.09,55.71,96.38
v7,32,6,146.63,65.09,81.54,105.38,44.99,60.38,137.4,60.73,76.67
v7,32,7,166.56,84.05,82.51,74.74,17.98,56.76,143.67,68.29,75.38
v7,32,8,205.08,52.07,153.01,83.83,25.87,57.97,106.85,50.92,55.92
v7,32,9,163.71,68.75,94.96,76.22,20.67,55.55,107.6,48.62,58.98
v7,33,0,139.26,84.52,54.73,70.14,15.79,54.34,90.33,21.83,68.49
v7,33,1,118.16,54.57,63.6,83.14,43.29,39.85,103.52,50.81,52.71
v7,33,2,199.92,90.99,108.92,64.37,11.23,53.14,145.23,49.76,95.47
v7,33,3,141.38,85.21,56.18,56.39,6.88,49.51,130.51,51.15,79.36
v7,33,4,151.57,56.32,95.25,32.61,8.45,24.15,98.32,49.89,48.42
v7,33,5,186.98,84.37,102.61,90.92,31.75,59.17,99.83,35.1,64.73
v7,33,6,135.22,77.55,57.68,105.03,50.69,54.34,69.96,22.4,47.55
v7,33,7,236.98,78.07,158.91,107.18,48.0,59.17,46.41,30.73,15.68
v7,33,8,135.42,68.64,66.77,36.23,3.62,32.61,91.85,32.57,59.27
v7,33,9,227.02,86.46,140.56,33.13,10.18,22.94,96.98,43.22,53.76
v7,34,0,192.17,62.77,129.4,13.01,6.97,6.04,107.86,28.33,79.53
v7,34,1,135.6,67.74,67.86,89.68,37.75,51.93,92.18,56.53,35.65
v7,34,2,164.9,88.83,76.06,65.92,10.37,55.55,93.83,49.56,44.27
v7,34,3,157.05,54.59,102.46,78.9,36.63,42.27,78.83,12.88,65.96
v7,34,4,105.65,55.64,50.0,70.35,17.21,53.14,113.99,53.43,60.56
v7,34,5,106.31,86.98,19.32,61.07,10.35,50.72,112.37,41.32,71.04
v7,34,6,123.79,78.31,45.48,56.37,8.07,48.31,75.72,54.25,21.46
v7,34,7,112.44,76.62,35.82,113.88,61.95,51.93,91.01,49.03,41.98
v7,34,8,114.47,45.38,69.09,73.46,44.47,28.98,109.38,30.15,79.22
v7,34,9,158.38,57.83,100.55,79.57,21.61,57.97,81.84,48.62,33.22
v7,35,0,228.42,72.42,156.0,105.9,52.76,53.14,160.2,51.6,108.6
v7,35,1,188.21,28.62,159.59,31.13,14.22,16.91,146.62,49.03,97.59
v7,35,2,171.44,29.58,141.87,96.51,40.96,55.55,55.77,34.03,21.74
v7,35,3,133.82,73.07,60.75,51.52,8.04,43.47,124.4,55.48,68.92
v7,35,4,192.49,82.11,110.39,66.76,11.21,55.55,128.04,45.59,82.46
v7,35,5,217.42,81.55,135.86,84.5,33.78,50.72,98.0,9.25,88.75
v7,35,6,182.58,81.99,100.59,81.85,28.72,53.14,107.77,53.25,54.53
v7,35,7,103.04,69.5,33.54,109.32,52.56,56.76,108.73,14.08,94.65
v7,35,8,167.04,81.2,85.84,52.91,5.81,47.1,84.46,48.42,36.04
v7,35,9,262.11,83.88,178.23,105.71,45.33,60.38,70.74,36.26,34.48
v7,36,0,180.66,67.34,113.33,74.99,23.06,51.93,83.76,18.76,65.0
v7,36,1,147.59,55.87,91.73,84.96,40.28,44.68,125.2,41.96,83.24
v7,36,2,106.59,15.16,91.44,78.07,23.73,54.34,160.5,56.87,103.63
v7,36,3,134.4,23.06,111.34,4.6,2.19,2.42,58.59,27.19,31.4
v7,36,4,198.51,68.16,130.35,73.39,16.64,56.76,54.27,21.67,32.61
v7,36,5,137.23,67.21,70.02,42.27,7.25,35.02,26.85,3.28,23.57
v7,36,6,195.96,30.87,165.08,89.36,41.05,48.31,70.75,35.38,35.38
v7,36,7,131.56,72.95,58.61,31.4,6.04,25.36,112.99,64.86,48.13
v7,36,8,73.06,60.19,12.88,49.51,3.62,45.89,124.19,33.69,90.5
v7,36,9,135.78,63.6,72.19,74.61,23.89,50.72,86.85,44.65,42.2
v7,37,0,184.48,71.67,112.8,53.55,14.9,38.64,115.2,54.23,60.97
v7,37,1,41.14,29.07,12.08,55.52,27.74,27.78,76.31,30.36,45.95
v7,37,2,181.88,66.27,115.61,51.93,7.25,44.68,108.6,44.36,64.24
v7,37,3,92.8,73.47,19.32,74.81,20.46,54.34,136.97,59.72,77.25
v7,37,4,177.62,71.03,106.59,54.21,5.9,48.31,120.62,56.55,64.07
v7,37,5,60.49,46.0,14.49,52.52,15.08,37.44,144.72,55.13,89.58
v7,37,6,76.92,8.68,68.24,1.21,1.21,0.0,78.18,20.63,57.56
v7,37,7,132.12,49.26,82.86,75.18,37.75,37.44,78.27,9.52,68.75
v7,37,8,171.05,76.34,94.7,62.16,10.23,51.93,97.69,31.89,65.8
v7,37,9,284.43,82.18,202.25,87.48,36.76,50.72,94.23,28.95,65.28
v7,38,0,53.19,49.98,3.21,39.85,3.62,36.23,121.61,29.36,92.25
v7,38,1,45.94,45.94,0.0,91.13,35.58,55.55,100.89,40.6,60.29
v7,38,2,72.08,68.46,3.62,68.54,22.65,45.89,112.22,59.31,52.91
v7,38,3,187.83,60.19,127.65,55.44,5.92,49.51,122.28,48.53,73.75
v7,38,4,163.24,79.3,83.94,66.08,8.11,57.97,124.65,44.63,80.02
v7,38,5,89.79,50.64,39.15,86.34,28.38,57.97,119.6,51.4,68.2
v7,38,6,17.87,17.87,0.0,52.61,12.76,39.85,100.54,49.44,51.09
v7,38,7,76.7,54.96,21.74,70.45,17.32,53.14,76.36,51.81,24.54
v7,38,8,49.32,45.7,3.62,37.44,4.83,32.61,124.44,37.95,86.49
v7,38,9,63.26,56.01,7.25,86.05,37.75,48.31,85.52,48.66,36.86
v7,39,0,20.21,14.17,6.04,57.54,12.86,44.68,136.8,49.65,87.15
v7,39,1,38.09,35.67,2.42,60.41,27.81,32.61,165.65,61.88,103.77
v7,39,2,158.88,81.77,77.12,45.62,5.77,39.85,134.86,55.48,79.38
v7,39,3,205.06,54.7,150.36,101.62,42.44,59.17,169.87,61.27,108.6
v7,39,4,194.03,68.8,125.23,46.41,13.81,32.61,110.68,48.73,61.94
v7,39,5,222.66,53.95,168.71,53.24,24.25,28.98,168.48,57.74,110.74
v7,39,6,113.56,40.07,73.49,25.11,4.58,20.53,150.33,50.85,99.48
v7,39,7,5.81,5.81,0.0,52.43,13.79,38.64,119.41,37.77,81.64
v7,39,8,194.8,63.12,131.68,104.1,48.55,55.55,126.86,26.98,99.87
v7,39,9,130.77,71.77,59.0,41.06,7.25,33.81,141.6,48.94,92.66
v7,40,0,40.75,38.33,2.42,39.85,4.83,35.02,116.41,33.69,82.73
v7,40,1,129.66,63.13,66.54,75.34,27.03,48.31,57.1,9.96,47.14
v7,40,2,21.61,16.12,5.49,38.37,6.97,31.4,109.49,23.82,85.67
v7,40,3,48.08,48.08,0.0,49.24,9.39,39.85,123.07,34.85,88.22
v7,40,4,93.95,81.88,12.08,43.25,8.23,35.02,97.39,12.26,85.13
v7,40,5,185.52,18.3,167.23,63.68,43.15,20.53,101.51,13.28,88.22
v7,40,6,62.44,51.57,10.87,43.47,1.21,42.27,53.38,31.25,22.13
v7,40,7,71.88,63.43,8.45,45.66,8.23,37.44,118.96,27.51,91.45
v7,40,8,25.32,25.32,0.0,57.15,11.26,45.89,74.38,39.82,34.56
v7,40,9,32.41,22.63,9.78,37.16,8.18,28.98,125.88,36.72,89.16
v7,41,0,193.24,54.57,138.67,83.09,42.03,41.06,97.48,54.28,43.2
v7,41,1,182.22,43.7,138.52,92.64,44.33,48.31,90.5,16.38,74.12
v7,41,2,225.02,79.24,145.78,100.57,48.64,51.93,166.33,57.87,108.46
v7,41,3,133.29,80.31,52.98,73.46,16.71,56.76,137.98,53.11,84.87
v7,41,4,158.47,73.85,84.62,85.78,33.85,51.93,110.88,54.34,56.53
v7,41,5,117.69,33.64,84.05,83.41,39.93,43.47,70.62,47.85,22.77
v7,41,6,124.84,67.57,57.27,46.83,8.18,38.64,77.61,46.5,31.11
v7,41,7,131.53,71.58,59.96,77.4,18.23,59.17,143.9,44.81,99.09
v7,41,8,152.57,61.76,90.81,44.66,16.89,27.78,136.94,52.85,84.09
v7,41,9,203.75,55.57,148.18,80.81,39.75,41.06,75.57,47.71,27.86
v7,42,0,170.72,44.26,126.46,32.61,7.25,25.36,96.69,27.4,69.29
v7,42,1,244.55,63.91,180.65,33.78,27.74,6.04,167.74,58.08,109.67
v7,42,2,162.39,70.49,91.9,39.85,7.25,32.61,123.69,55.46,68.24
v7,42,3,27.76,25.48,2.28,69.0,13.45,55.55,119.44,56.74,62.71
v7,42,4,159.64,69.37,90.26,44.57,9.55,35.02,102.5,51.95,50.55
v7,42,5,50.71,44.67,6.04,40.83,8.23,32.61,124.05,47.89,76.16
v7,42,6,20.67,20.67,0.0,42.27,3.62,38.64,83.95,32.31,51.64
v7,42,7,101.72,57.2,44.53,65.49,9.94,55.55,69.82,57.49,12.33
v7,42,8,117.75,61.96,55.79,85.77,26.6,59.17,57.03,36.54,20.49
v7,42,9,164.4,29.51,134.89,90.61,38.68,51.93,118.32,44.75,73.58
v7,43,0,143.69,42.34,101.35,69.03,30.38,38.64,80.47,48.85,31.62
v7,43,1,124.4,9.32,115.08,70.2,37.59,32.61,93.17,32.3,60.87
v7,43,2,111.17,43.7,67.47,81.52,35.63,45.89,36.86,17.16,19.69
v7,43,3,226.7,83.06,143.64,114.08,53.7,60.38,103.92,13.7,90.23
v7,43,4,143.22,88.88,54.34,108.13,47.75,60.38,28.56,14.5,14.07
v7,43,5,139.9,82.52,57.39,89.42,32.66,56.76,142.86,55.98,86.88
v7,43,6,132.06,75.75,56.31,53.14,3.62,49.51,128.41,57.49,70.92
v7,43,7,141.74,67.06,74.68,59.36,9.85,49.51,67.35,7.98,59.37
v7,43,8,109.26,24.91,84.34,0.0,0.0,0.0,74.44,9.96,64.48
v7,43,9,168.68,89.4,79.28,39.85,4.83,35.02,96.0,30.13,65.87
v7,44,0,173.53,50.44,123.09,56.06,25.87,30.19,39.53,33.62,5.9
v7,44,1,151.91,84.04,67.86,96.17,38.2,57.97,84.46,40.78,43.68
v7,44,2,158.11,33.81,124.3,76.14,39.91,36.23,38.08,18.1,19.99
v7,44,3,253.23,59.57,193.66,98.88,44.54,54.34,47.43,12.33,35.1
v7,44,4,191.47,34.98,156.49,102.37,46.82,55.55,55.93,45.06,10.87
v7,44,5,192.21,47.5,144.71,29.69,15.2,14.49,111.15,42.35,68.8
v7,44,6,163.29,56.45,106.84,25.36,3.62,21.74,58.39,48.86,9.52
v7,44,7,178.43,55.29,123.14,40.95,15.59,25.36,115.63,45.47,70.16
v7,44,8,155.18,79.39,75.79,75.39,45.2,30.19,20.49,7.64,12.86
v7,44,9,132.13,18.3,113.84,75.89,42.08,33.81,89.8,17.03,72.78
v7,45,0,134.52,42.29,92.23,82.02,31.3,50.72,110.52,24.06,86.45
v7,45,1,135.11,40.42,94.69,94.62,40.28,54.34,70.82,42.53,28.28
v7,45,2,142.92,45.6,97.32,33.1,28.27,4.83,112.21,33.26,78.95
v7,45,3,34.94,33.73,1.21,70.42,35.4,35.02,83.22,42.22,41.01
v7,45,4,66.19,0.0,66.19,60.85,37.91,22.94,77.37,36.99,40.38
v7,45,5,39.88,31.43,8.45,29.63,15.14,14.49,104.81,40.62,64.19
v7,45,6,172.49,14.79,157.7,67.18,24.91,42.27,61.99,15.36,46.64
v7,45,7,155.45,66.43,89.02,36.23,6.04,30.19,106.35,40.28,66.08
v7,45,8,165.38,76.57,88.8,48.17,4.69,43.47,106.99,51.74,55.24
v7,45,9,19.49,19.49,0.0,52.45,12.6,39.85,85.69,35.33,50.36
v7,46,0,144.77,69.55,75.23,96.01,36.83,59.17,128.05,61.72,66.33
v7,46,1,162.22,17.66,144.55,77.53,40.09,37.44,87.89,60.54,27.35
v7,46,2,224.81,77.16,147.65,43.35,31.27,12.08,124.28,58.03,66.25
v7,46,3,134.06,94.48,39.58,84.06,27.31,56.76,109.19,61.5,47.69
v7,46,4,151.86,49.01,102.85,93.48,37.93,55.55,137.28,55.51,81.77
v7,46,5,265.48,78.8,186.68,105.59,48.83,56.76,160.52,54.75,105.77
v7,46,6,217.58,35.87,181.72,102.5,61.44,41.06,154.76,67.35,87.4
v7,46,7,125.16,66.45,58.71,92.77,37.22,55.55,127.96,53.32,74.65
v7,46,8,177.59,26.06,151.53,70.97,43.19,27.78,126.14,42.9,83.24
v7,46,9,280.51,86.71,193.79,94.16,33.78,60.38,166.26,64.91,101.35
v7,47,0,133.6,89.19,44.41,89.54,32.78,56.76,114.86,58.72,56.14
v7,47,1,153.05,77.14,75.91,79.62,22.86,56.76,112.67,60.15,52.52
v7,47,2,168.18,61.06,107.12,67.61,10.85,56.76,64.35,37.55,26.8
v7,47,3,118.19,37.84,80.35,54.45,32.71,21.74,161.11,51.31,109.8
v7,47,4,270.41,74.06,196.35,113.21,51.62,61.59,157.15,55.66,101.49
v7,47,5,208.31,68.18,140.13,35.05,20.56,14.49,152.89,59.97,92.92
v7,47,6,3.21,3.21,0.0,56.53,4.6,51.93,104.19,37.7,66.48
v7,47,7,114.23,70.4,43.83,55.16,6.86,48.31,132.97,60.86,72.11
v7,47,8,208.18,67.25,140.93,106.2,49.44,56.76,107.92,36.22,71.71
v7,47,9,145.93,78.37,67.56,72.8,20.88,51.93,105.85,44.45,61.4
v7,48,0,180.91,77.89,103.02,96.12,42.98,53.14,161.52,62.3,99.23
v7,48,1,287.69,86.78,200.9,59.66,33.09,26.57,148.78,50.1,98.68
v7,48,2,48.58,43.75,4.83,58.95,2.19,56.76,67.85,18.4,49.46
v7,48,3,181.96,56.18,125.78,33.68,7.11,26.57,112.07,34.58,77.49
v7,48,4,241.64,33.36,208.29,96.76,40.0,56.76,130.28,41.01,89.28
v7,48,5,239.51,89.97,149.54,37.64,15.91,21.74,118.96,26.98,91.98
v7,48,6,222.14,76.75,145.39,39.06,26.98,12.08,129.09,37.52,91.57
v7,48,7,42.73,42.73,0.0,40.95,5.92,35.02,113.68,31.34,82.34
v7,48,8,167.63,39.99,127.65,93.98,43.26,50.72,91.17,61.39,29.78
v7,48,9,111.18,68.39,42.79,96.26,35.88,60.38,95.89,54.63,41.26
v7,49,0,126.18,80.17,46.01,93.22,32.84,60.38,68.59,56.67,11.92
v7,49,1,70.98,29.4,41.59,95.92,39.16,56.76,129.78,54.46,75.33
v7,49,2,220.1,46.56,173.54,45.11,40.28,4.83,90.65,24.25,66.4
v7,49,3,47.6,45.19,2.42,49.06,12.83,36.23,94.24,31.64,62.61
v7,49,4,177.89,55.29,122.6,45.92,37.47,8.45,140.8,60.2,80.6
v7,49,5,100.72,50.17,50.55,97.53,35.94,61.59,60.16,48.76,11.4
v7,49,6,161.73,79.38,82.36,69.75,15.41,54.34,110.14,52.93,57.21
v7,49,7,214.09,73.95,140.13,42.27,8.45,33.81,121.69,58.81,62.88
v7,49,8,203.96,49.88,154.08,111.6,51.22,60.38,52.86,40.39,12.47
v7,49,9,194.16,62.89,131.27,83.0,33.48,49.51,130.42,52.13,78.29
v7,50,0,153.32,92.93,60.38,65.83,9.07,56.76,122.07,47.64,74.43
v7,50,1,137.31,87.8,49.51,45.43,9.2,36.23,74.08,14.4,59.68
v7,50,2,57.46,47.93,9.52,59.79,12.69,47.1,115.21,41.88,73.34
v7,50,3,123.69,57.02,66.67,97.44,41.89,55.55,133.56,32.07,101.49
v7,50,4,182.01,72.97,109.04,38.53,8.34,30.19,119.02,56.39,62.62
v7,50,5,85.37,63.91,21.46,76.71,32.03,44.68,86.88,0.0,86.88
v7,50,6,48.0,48.0,0.0,58.24,11.15,47.1,134.55,68.36,66.19
v7,50,7,51.09,41.98,9.12,58.4,12.51,45.89,136.32,41.12,95.19
v7,50,8,50.76,38.43,12.33,44.68,6.04,38.64,133.79,48.51,85.28
v7,50,9,139.03,73.83,65.19,93.84,37.08,56.76,102.77,66.99,35.78
v7,51,0,176.89,63.19,113.7,55.63,33.9,21.74,128.34,40.66,87.68
v7,51,1,84.59,70.09,14.49,83.5,30.36,53.14,56.26,41.26,15.0
v7,51,2,60.58,48.64,11.94,42.66,17.3,25.36,78.25,17.14,61.11
v7,51,3,17.11,15.91,1.21,50.72,8.45,42.27,115.55,40.05,75.5
v7,51,4,115.45,50.15,65.29,85.8,30.25,55.55,117.73,59.97,57.76
v7,51,5,228.9,89.94,138.96,103.64,51.72,51.93,113.82,35.51,78.31
v7,51,6,108.05,54.25,53.8,49.56,36.28,13.28,155.44,53.82,101.62
v7,51,7,24.12,21.7,2.42,46.69,9.25,37.44,165.07,56.21,108.87
v7,51,8,140.58,71.76,68.82,19.32,4.83,14.49,106.28,40.08,66.19
v7,51,9,221.54,51.76,169.78,34.5,6.72,27.78,131.89,32.41,99.48
v7,52,0,152.7,51.45,101.25,84.69,37.59,47.1,107.36,57.9,49.46
v7,52,1,204.17,83.22,120.95,99.98,49.26,50.72,88.99,36.33,52.66
v7,52,2,258.92,72.51,186.41,88.26,39.96,48.31,97.17,38.02,59.16
v7,52,3,49.05,39.39,9.66,54.21,4.69,49.51,115.81,49.71,66.09
v7,52,4,123.28,73.38,49.9,69.96,20.45,49.51,64.76,45.45,19.3
v7,52,5,127.89,78.51,49.38,48.05,10.62,37.44,91.28,31.47,59.82
v7,52,6,149.96,69.6,80.37,56.53,9.43,47.1,135.01,42.62,92.39
v7,52,7,24.84,20.56,4.29,81.75,41.89,39.85,95.98,24.92,71.06
v7,52,8,87.41,71.72,15.7,45.89,4.83,41.06,112.22,24.93,87.29
v7,52,9,105.99,84.8,21.19,44.68,4.83,39.85,107.59,21.76,85.82
v7,53,0,98.84,2.17,96.67,34.89,7.11,27.78,106.89,44.03,62.86
v7,53,1,120.13,4.42,115.71,86.24,37.93,48.31,149.56,57.87,91.69
v7,53,2,166.27,54.44,111.83,11.67,5.63,6.04,116.71,26.08,90.64
v7,53,3,27.76,0.0,27.76,35.96,4.56,31.4,74.63,36.59,38.05
v7,53,4,134.26,59.66,74.6,48.31,4.83,43.47,81.81,46.3,35.51
v7,53,5,65.82,9.93,55.89,0.0,0.0,0.0,57.74,13.27,44.47
v7,53,6,118.66,60.34,58.32,45.89,0.0,45.89,110.16,46.78,63.39
v7,53,7,175.14,52.59,122.54,99.52,50.01,49.51,140.81,46.68,94.12
v7,53,8,137.89,56.37,81.52,75.18,26.87,48.31,110.3,45.43,64.87
v7,53,9,117.57,72.65,44.92,66.06,5.67,60.38,89.08,54.09,34.99
v7,54,0,32.47,32.47,0.0,50.61,2.3,48.31,126.34,46.43,79.9
v7,54,1,95.53,38.4,57.13,83.17,27.62,55.55,84.37,49.81,34.56
v7,54,2,149.22,31.62,117.6,79.95,38.89,41.06,88.46,31.77,56.69
v7,54,3,158.45,51.83,106.63,32.72,14.61,18.11,121.79,54.98,66.81
v7,54,4,74.48,52.23,22.25,49.26,3.37,45.89,131.1,45.43,85.67
v7,54,5,31.38,5.49,25.89,81.81,28.67,53.14,152.41,52.13,100.28
v7,54,6,124.79,81.74,43.05,55.09,9.2,45.89,79.63,7.63,72.0
v7,54,7,49.09,44.53,4.56,56.51,5.79,50.72,119.41,42.19,77.22
v7,54,8,29.77,29.77,0.0,37.44,2.42,35.02,125.54,37.73,87.81
v7,54,9,188.13,87.03,101.1,75.01,18.25,56.76,109.96,53.13,56.82
v7,55,0,98.24,70.6,27.64,48.17,9.52,38.64,132.86,54.18,78.68
v7,55,1,98.97,44.37,54.6,51.25,6.56,44.68,103.2,72.78,30.43
v7,55,2,284.22,86.67,197.55,104.76,45.59,59.17,166.36,63.12,103.24
v7,55,3,196.06,76.19,119.87,60.11,6.97,53.14,79.46,56.28,23.18
v7,55,4,49.92,36.63,13.28,94.58,46.27,48.31,131.72,44.19,87.52
v7,55,5,71.77,65.73,6.04,47.1,7.25,39.85,157.32,53.81,103.51
v7,55,6,67.93,65.52,2.42,57.74,5.81,51.93,111.68,34.74,76.94
v7,55,7,44.69,44.69,0.0,43.11,11.71,31.4,138.19,41.92,96.27
v7,55,8,163.76,10.75,153.01,87.24,38.93,48.31,165.38,62.14,103.24
v7,55,9,11.92,7.5,4.42,58.22,12.33,45.89,126.59,48.71,77.88
v7,56,0,82.09,44.28,37.81,85.45,28.69,56.76,128.5,36.93,91.57
v7,56,1,176.22,91.17,85.04,92.64,39.5,53.14,80.76,45.24,35.51
v7,56,2,225.15,24.38,200.77,67.87,38.89,28.98,134.63,33.55,101.08
v7,56,3,254.11,67.69,186.41,105.76,42.96,62.8,156.51,67.24,89.28
v7,56,4,138.25,66.41,71.84,34.77,13.03,21.74,137.52,48.76,88.77
v7,56,5,121.6,57.36,64.24,53.25,10.99,42.27,122.4,58.22,64.19
v7,56,6,156.56,29.3,127.26,101.59,44.84,56.76,154.28,66.72,87.56
v7,56,7,217.91,83.02,134.89,25.6,21.97,3.62,146.27,53.75,92.53
v7,56,8,267.7,73.77,193.93,96.07,40.52,55.55,74.65,35.65,39.0
v7,56,9,89.26,36.14,53.12,75.74,20.19,55.55,91.47,36.63,54.83
v7,57,0,133.09,26.23,106.86,101.77,42.6,59.17,134.76,62.11,72.64
v7,57,1,110.43,37.21,73.22,79.76,30.25,49.51,88.44,23.45,64.99
v7,57,2,252.98,61.33,191.65,71.65,43.88,27.78,165.4,55.73,109.67
v7,57,3,190.74,39.84,150.9,40.79,21.47,19.32,109.06,35.69,73.38
v7,57,4,197.33,56.38,140.95,80.31,40.46,39.85,113.53,39.55,73.98
v7,57,5,119.3,15.22,104.07,91.55,40.83,50.72,118.49,57.88,60.62
v7,57,6,115.55,43.15,72.4,39.72,9.52,30.19,130.98,46.25,84.73
v7,57,7,215.0,81.38,133.62,111.78,52.6,59.17,159.34,62.0,97.34
v7,57,8,52.8,45.56,7.25,72.35,24.05,48.31,104.3,39.84,64.46
v7,57,9,217.12,64.11,153.01,13.17,2.3,10.87,77.5,19.6,57.89
v7,58,0,112.64,48.64,64.0,45.6,22.65,22.94,111.55,32.02,79.53
v7,58,1,170.81,58.73,112.08,46.01,14.61,31.4,89.54,36.61,52.93
v7,58,2,124.7,48.12,76.57,89.35,33.8,55.55,20.49,1.21,19.29
v7,58,3,121.63,70.26,51.37,74.15,21.01,53.14,77.33,18.48,58.85
v7,58,4,91.53,72.48,19.05,42.02,10.62,31.4,83.12,39.91,43.2
v7,58,5,193.62,67.43,126.18,33.81,7.25,26.57,160.68,63.48,97.2
v7,58,6,113.88,55.13,58.75,36.23,3.62,32.61,85.36,41.26,44.1
v7,58,7,163.24,74.61,88.63,45.62,8.18,37.44,103.65,45.29,58.36
v7,58,8,110.0,52.99,57.01,11.96,2.3,9.66,110.21,44.36,65.86
v7,58,9,196.76,56.77,140.0,88.42,34.07,54.34,94.09,31.36,62.73
v7,59,0,155.89,76.75,79.14,56.1,28.33,27.78,124.25,48.26,75.99
v7,59,1,185.97,25.85,160.12,84.31,28.76,55.55,168.77,67.67,101.1
v7,59,2,89.03,54.15,34.89,51.14,30.61,20.53,162.11,65.58,96.54
v7,59,3,173.67,33.81,139.86,85.39,33.46,51.93,158.06,50.01,108.05
v7,59,4,130.24,48.19,82.05,85.37,32.23,53.14,81.28,23.79,57.49
v7,59,5,133.88,81.45,52.44,92.36,38.02,54.34,147.15,62.57,84.58
v7,59,6,274.97,86.94,188.03,101.59,50.87,50.72,167.9,58.1,109.8
v7,59,7,83.54,69.19,14.36,95.35,33.76,61.59,117.71,65.05,52.66
v7,59,8,123.62,88.87,34.75,56.3,9.2,47.1,101.85,45.25,56.6
v7,59,9,164.24,79.48,84.75,25.13,10.64,14.49,136.7,46.73,89.97
v7,60,0,89.82,47.55,42.27,86.26,35.54,50.72,32.96,27.6,5.36
v7,60,1,147.94,44.84,103.1,88.92,33.37,55.55,56.41,26.14,30.27
v7,60,2,102.05,28.32,73.73,79.9,41.26,38.64,66.21,19.44,46.77
v7,60,3,161.28,82.97,78.31,66.94,13.81,53.14,137.54,49.17,88.38
v7,60,4,207.81,83.48,124.33,109.43,50.26,59.17,69.47,39.71,29.76
v7,60,5,125.75,57.64,68.12,55.3,5.79,49.51,84.94,10.0,74.94
v7,60,6,172.05,93.3,78.75,80.87,25.32,55.55,161.96,52.29,109.67
v7,60,7,130.51,37.21,93.31,72.7,28.01,44.68,58.54,43.27,15.27
v7,60,8,100.98,8.34,92.64,47.17,19.4,27.78,95.12,44.07,51.06
v7,60,9,172.77,84.43,88.34,46.53,12.71,33.81,136.88,46.5,90.38
v7,61,0,168.28,70.94,97.34,22.83,9.55,13.28,99.06,24.94,74.12
v7,61,1,104.51,69.37,35.14,57.51,5.58,51.93,81.32,22.75,58.58
v7,61,2,79.54,15.74,63.8,76.63,22.29,54.34,69.28,40.87,28.4
v7,61,3,185.6,84.77,100.82,57.33,15.06,42.27,106.27,25.3,80.98
v7,61,4,155.83,73.11,82.73,37.32,5.92,31.4,86.51,17.46,69.05
v7,61,5,118.13,43.7,74.43,93.98,42.06,51.93,78.8,21.58,57.21
v7,61,6,130.68,62.95,67.73,36.23,6.04,30.19,74.46,47.64,26.82
v7,61,7,143.13,9.55,133.58,64.63,24.78,39.85,144.97,63.31,81.66
v7,61,8,89.26,49.7,39.56,62.11,16.22,45.89,109.65,25.05,84.6
v7,61,9,197.14,44.79,152.34,64.42,12.49,51.93,50.0,35.92,14.08
v7,62,0,178.28,86.69,91.59,59.79,10.28,49.51,74.25,17.41,56.84
v7,62,1,141.95,45.56,96.38,45.62,6.97,38.64,111.23,35.9,75.33
v7,62,2,158.58,83.48,75.11,76.41,22.06,54.34,87.4,46.55,40.85
v7,62,3,160.37,70.91,89.46,84.98,35.47,49.51,78.43,23.63,54.8
v7,62,4,203.91,93.55,110.37,86.07,31.73,54.34,149.88,53.22,96.66
v7,62,5,178.35,87.71,90.64,63.32,11.39,51.93,78.85,15.29,63.56
v7,62,6,145.41,51.3,94.11,67.5,13.15,54.34,97.63,41.21,56.41
v7,62,7,127.24,79.76,47.49,81.28,23.31,57.97,95.41,47.44,47.98
v7,62,8,167.98,66.18,101.8,44.27,9.25,35.02,128.27,34.56,93.71
v7,62,9,77.32,53.17,24.15,20.53,6.04,14.49,126.26,40.16,86.1
v7,63,0,116.67,15.01,101.66,61.71,30.31,31.4,101.71,32.3,69.41
v7,63,1,259.27,74.86,184.41,70.28,36.47,33.81,165.72,68.9,96.81
v7,63,2,111.85,36.9,74.96,17.84,5.77,12.08,144.77,59.1,85.67
v7,63,3,139.31,58.72,80.59,97.63,43.29,54.34,85.46,20.26,65.19
v7,63,4,54.36,30.88,23.47,46.98,5.92,41.06,135.63,48.6,87.03
v7,63,5,175.05,56.5,118.55,17.98,10.73,7.25,99.5,33.09,66.4
v7,63,6,131.0,90.35,40.65,89.01,37.08,51.93,96.48,32.55,63.93
v7,63,7,257.35,70.67,186.68,64.33,12.4,51.93,53.54,8.66,44.88
v7,63,8,120.26,40.03,80.23,83.55,56.98,26.57,81.85,20.01,61.84
v7,63,9,171.01,80.1,90.91,50.15,13.92,36.23,126.31,37.81,88.49
v7,64,0,118.66,76.94,41.72,47.83,10.39,37.44,139.32,43.44,95.88
v7,64,1,152.73,4.83,147.9,90.26,33.51,56.76,76.01,38.36,37.66
v7,64,2,54.74,40.13,14.61,55.74,15.88,39.85,153.44,50.88,102.56
v7,64,3,206.65,40.49,166.15,105.79,53.86,51.93,155.76,57.88,97.88
v7,64,4,39.52,35.9,3.62,39.17,12.6,26.57,129.93,35.94,93.99
v7,64,5,107.45,59.71,47.74,52.89,19.08,33.81,159.88,50.08,109.8
v7,64,6,121.14,35.96,85.18,46.87,10.64,36.23,121.46,29.22,92.23
v7,64,7,31.38,26.55,4.83,79.83,25.48,54.34,97.2,10.18,87.01
v7,64,8,61.17,52.18,8.98,49.4,8.34,41.06,124.32,28.58,95.74
v7,64,9,105.36,13.81,91.55,107.38,48.21,59.17,80.07,17.07,63.0
v7,65,0,105.27,47.09,58.18,48.03,6.97,41.06,135.09,51.84,83.25
v7,65,1,138.43,29.97,108.46,96.46,45.74,50.72,158.83,52.52,106.32
v7,65,2,91.1,32.63,58.48,70.88,33.44,37.44,101.46,49.35,52.11
v7,65,3,116.01,11.37,104.64,68.58,33.55,35.02,146.57,55.95,90.62
v7,65,4,137.85,32.6,105.25,77.6,36.54,41.06,117.14,46.11,71.02
v7,65,5,29.22,24.39,4.83,39.85,7.25,32.61,144.22,49.03,95.19
v7,65,6,205.44,70.94,134.5,14.49,1.21,13.28,123.07,28.26,94.8
v7,65,7,40.22,40.22,0.0,50.61,2.3,48.31,98.87,27.15,71.72
v7,65,8,29.74,25.32,4.42,40.81,8.2,32.61,133.6,35.72,97.88
v7,65,9,228.26,70.42,157.84,73.87,13.49,60.38,90.43,47.37,43.07
v7,66,0,119.61,95.46,24.15,44.57,4.72,39.85,111.7,39.82,71.88
v7,66,1,200.83,86.3,114.53,32.61,3.62,28.98,136.9,39.02,97.88
v7,66,2,120.25,80.81,39.44,87.3,31.75,55.55,59.54,29.13,30.41
v7,66,3,170.32,46.03,124.3,81.69,27.35,54.34,70.99,38.84,32.14
v7,66,4,116.67,43.72,72.95,85.43,26.26,59.17,70.82,39.61,31.21
v7,66,5,109.42,55.25,54.17,45.66,5.81,39.85,109.55,37.93,71.62
v7,66,6,135.67,37.91,97.76,22.94,3.62,19.32,103.59,20.74,82.85
v7,66,7,59.78,25.85,33.93,79.9,48.51,31.4,119.55,35.24,84.31
v7,66,8,29.02,29.02,0.0,50.84,14.61,36.23,149.53,50.85,98.68
v7,66,9,119.1,8.75,110.35,19.62,19.62,0.0,150.02,53.36,96.66
v7,67,0,271.64,89.93,181.72,53.82,12.76,41.06,154.91,56.89,98.02
v7,67,1,146.19,77.0,69.19,72.82,13.65,59.17,94.18,53.0,41.18
v7,67,2,243.36,84.29,159.06,74.4,18.85,55.55,141.11,55.57,85.53
v7,67,3,271.8,88.74,183.06,99.77,47.84,51.93,63.46,17.85,45.62
v7,67,4,131.47,19.49,111.98,79.11,42.88,36.23,78.97,12.88,66.09
v7,67,5,189.34,65.31,124.02,60.29,20.44,39.85,129.89,50.65,79.24
v7,67,6,181.06,80.76,100.3,43.27,17.91,25.36,144.91,55.46,89.45
v7,67,7,262.7,95.46,167.24,89.04,35.9,53.14,148.88,55.71,93.17
v7,67,8,143.36,91.17,52.18,102.46,48.12,54.34,74.97,31.16,43.81
v7,67,9,250.79,96.83,153.96,92.15,32.98,59.17,141.09,66.17,74.92
v7,68,0,114.84,50.98,63.85,28.98,6.04,22.94,78.74,14.24,64.5
v7,68,1,155.53,25.2,130.33,102.5,43.33,59.17,92.05,48.51,43.54
v7,68,2,165.28,80.78,84.5,72.14,17.8,54.34,53.47,45.43,8.04
v7,68,3,134.27,46.59,87.68,77.01,44.4,32.61,108.75,44.56,64.19
v7,68,4,185.62,83.43,102.19,88.33,32.78,55.55,106.97,54.16,52.81
v7,68,5,190.47,77.05,113.43,90.65,32.69,57.97,145.44,69.59,75.85
v7,68,6,266.1,88.94,177.16,78.28,26.35,51.93,164.39,55.66,108.73
v7,68,7,132.74,70.09,62.64,17.66,14.04,3.62,72.4,22.77,49.63
v7,68,8,122.35,78.35,44.0,58.77,9.25,49.51,112.69,56.53,56.16
v7,68,9,183.8,40.16,143.64,8.45,3.62,4.83,109.67,44.36,65.31
v7,69,0,54.02,41.94,12.08,39.17,13.81,25.36,146.75,58.37,88.38
v7,69,1,180.11,78.6,101.51,45.89,3.62,42.27,78.09,50.74,27.35
v7,69,2,27.9,27.9,0.0,30.19,3.62,26.57,137.13,49.17,87.97
v7,69,3,136.4,51.9,84.5,36.23,7.25,28.98,138.09,44.49,93.6
v7,69,4,226.06,89.12,136.94,3.51,1.09,2.42,83.43,31.5,51.93
v7,69,5,33.3,29.67,3.62,49.51,4.83,44.68,98.03,22.68,75.35
v7,69,6,46.21,45.0,1.21,48.08,10.64,37.44,122.21,40.03,82.18
v7,69,7,101.13,42.64,58.49,82.94,23.77,59.17,117.93,45.27,72.66
v7,69,8,49.41,49.41,0.0,45.89,8.45,37.44,133.62,46.31,87.3
v7,69,9,171.47,67.41,104.06,10.73,10.73,0.0,89.21,28.83,60.38
v7,70,0,36.58,26.53,10.05,73.83,25.53,48.31,146.37,50.92,95.45
v7,70,1,170.46,3.24,167.23,46.82,31.12,15.7,96.38,47.57,48.81
v7,70,2,174.37,73.06,101.3,46.05,18.28,27.78,113.82,29.61,84.21
v7,70,3,229.11,51.01,178.09,52.2,36.5,15.7,108.6,38.73,69.87
v7,70,4,228.29,64.12,164.17,19.51,18.3,1.21,70.24,43.15,27.09
v7,70,5,105.13,28.59,76.54,68.6,32.37,36.23,97.15,56.67,40.48
v7,70,6,76.62,34.93,41.69,71.58,18.44,53.14,108.22,42.01,66.21
v7,70,7,171.35,89.17,82.18,84.7,30.36,54.34,112.88,47.62,65.26
v7,70,8,202.53,43.48,159.05,107.0,51.44,55.55,175.22,66.9,108.32
v7,70,9,140.06,12.53,127.53,104.62,45.45,59.17,138.12,63.3,74.82
v7,71,0,43.87,40.24,3.62,60.72,16.04,44.68,137.39,46.75,90.64
v7,71,1,109.34,42.87,66.47,51.81,4.72,47.1,113.0,28.13,84.87
v7,71,2,23.66,23.66,0.0,55.67,15.82,39.85,158.83,54.93,103.9
v7,71,3,36.67,36.67,0.0,43.36,8.34,35.02,113.35,28.19,85.16
v7,71,4,196.32,34.07,162.26,39.31,18.78,20.53,138.02,39.06,98.95
v7,71,5,134.2,70.49,63.71,33.81,3.62,30.19,117.42,32.41,85.01
v7,71,6,175.59,62.79,112.8,24.15,4.83,19.32,102.74,28.31,74.43
v7,71,7,57.67,38.36,19.3,75.0,26.69,48.31,99.48,51.13,48.35
v7,71,8,154.86,45.98,108.89,55.18,33.44,21.74,113.78,39.8,73.98
v7,71,9,33.05,33.05,0.0,62.78,27.76,35.02,159.13,52.67,106.45
v7,72,0,84.34,51.73,32.61,93.75,35.78,57.97,73.22,46.43,26.79
v7,72,1,153.28,81.38,71.9,58.83,9.32,49.51,131.28,50.97,80.31
v7,72,2,105.73,36.68,69.05,56.21,9.12,47.1,99.84,35.65,64.19
v7,72,3,128.78,61.83,66.95,54.07,6.97,47.1,87.5,46.34,41.16
v7,72,4,163.44,95.85,67.59,100.66,41.48,59.17,136.12,61.47,74.65
v7,72,5,24.55,7.79,16.75,105.06,48.3,56.76,54.93,41.8,13.13
v7,72,6,105.84,49.76,56.08,87.05,31.5,55.55,88.58,42.51,46.07
v7,72,7,161.93,64.95,96.98,33.81,4.83,28.98,115.59,32.84,82.75
v7,72,8,130.96,81.6,49.36,98.45,42.89,55.55,68.5,34.44,34.05
v7,72,9,137.27,43.52,93.75,81.09,38.82,42.27,60.45,10.87,49.58
v7,73,0,258.01,89.97,168.04,99.63,39.25,60.38,147.93,67.1,80.82
v7,73,1,151.47,12.26,139.21,72.7,37.68,35.02,129.78,37.01,92.76
v7,73,2,29.63,15.14,14.49,60.5,13.4,47.1,155.76,65.01,90.75
v7,73,3,196.97,91.17,105.79,113.17,51.58,61.59,111.21,17.64,93.58
v7,73,4,131.37,45.66,85.71,84.21,41.94,42.27,85.34,30.82,54.53
v7,73,5,133.59,70.3,63.29,27.66,8.34,19.32,97.51,38.02,59.49
v7,73,6,147.72,32.28,115.43,59.52,17.25,42.27,103.58,38.84,64.73
v7,73,7,106.35,75.5,30.85,81.63,26.08,55.55,101.5,49.76,51.74
v7,73,8,148.22,16.41,131.81,76.23,42.42,33.81,119.18,25.07,94.11
v7,73,9,44.95,37.7,7.25,50.97,12.33,38.64,159.84,63.3,96.54
v7,74,0,191.76,55.53,136.24,90.01,38.09,51.93,53.08,7.25,45.84
v7,74,1,159.65,58.71,100.94,75.95,17.98,57.97,158.31,60.84,97.47
v7,74,2,216.99,48.69,168.3,67.96,28.1,39.85,88.8,38.08,50.72
v7,74,3,164.25,34.44,129.81,25.36,6.04,19.32,79.93,44.0,35.94
v7,74,4,131.92,78.78,53.14,29.73,6.79,22.94,83.13,44.95,38.18
v7,74,5,154.17,44.31,109.86,17.96,14.34,3.62,89.7,46.22,43.47
v7,74,6,181.27,49.73,131.54,40.24,11.26,28.98,82.46,34.71,47.74
v7,74,7,182.72,80.12,102.59,47.51,16.11,31.4,86.25,52.04,34.2
v7,74,8,121.64,60.73,60.91,81.93,33.62,48.31,94.5,12.33,82.17
v7,74,9,156.1,81.13,74.97,51.81,3.51,48.31,146.84,53.25,93.6
v7,75,0,204.69,30.22,174.47,62.95,38.8,24.15,157.99,62.68,95.31
v7,75,1,184.2,58.53,125.68,45.29,40.46,4.83,72.35,53.32,19.03
v7,75,2,206.15,74.06,132.09,90.91,37.77,53.14,80.67,59.91,20.77
v7,75,3,80.26,19.29,60.97,69.69,27.42,42.27,152.75,55.28,97.47
v7,75,4,123.69,75.66,48.03,37.44,2.42,35.02,38.54,10.0,28.54
v7,75,5,198.96,88.72,110.25,50.81,17.0,33.81,64.7,28.13,36.57
v7,75,6,175.54,74.93,100.61,46.96,7.11,39.85,111.97,19.74,92.23
v7,75,7,141.45,78.14,63.31,115.56,56.39,59.17,69.12,31.62,37.5
v7,75,8,178.03,8.11,169.91,96.03,40.48,55.55,110.08,61.52,48.56
v7,75,9,202.27,82.65,119.62,102.87,42.49,60.38,126.05,63.87,62.18
v7,76,0,181.08,81.45,99.63,33.7,4.72,28.98,116.88,37.77,79.11
v7,76,1,151.79,30.44,121.35,81.68,33.37,48.31,41.14,28.95,12.19
v7,76,2,195.03,68.32,126.71,87.15,40.05,47.1,63.17,7.25,55.92
v7,76,3,189.6,29.21,160.39,85.55,42.08,43.47,109.4,54.8,54.6
v7,76,4,191.93,80.24,111.69,56.53,8.23,48.31,104.92,46.48,58.44
v7,76,5,114.21,70.48,43.73,59.81,13.92,45.89,136.22,40.48,95.74
v7,76,6,201.46,19.47,181.99,56.86,29.08,27.78,167.79,64.03,103.77
v7,76,7,187.21,29.64,157.57,88.15,39.85,48.31,80.44,57.78,22.65
v7,76,8,152.07,82.88,69.19,52.91,7.02,45.89,85.57,29.24,56.33
v7,76,9,195.7,99.24,96.46,85.43,27.46,57.97,141.26,50.76,90.5
v7,77,0,172.31,87.92,84.4,100.54,38.95,61.59,91.86,39.07,52.79
v7,77,1,166.17,72.33,93.83,25.25,8.34,16.91,86.46,33.53,52.93
v7,77,2,148.86,60.87,87.98,45.3,25.98,19.32,123.43,55.6,67.83
v7,77,3,148.65,81.04,67.61,53.86,11.6,42.27,80.09,15.36,64.73
v7,77,4,118.14,48.93,69.21,66.7,12.35,54.34,144.66,56.44,88.22
v7,77,5,96.51,34.69,61.83,85.47,27.51,57.97,120.66,47.57,73.08
v7,77,6,208.77,77.6,131.17,67.38,9.41,57.97,62.27,18.73,43.54
v7,77,7,195.65,81.62,114.03,101.38,42.21,59.17,141.65,62.04,79.61
v7,77,8,177.48,66.16,111.32,38.64,4.83,33.81,71.81,35.58,36.23
v7,77,9,251.89,83.45,168.43,81.37,24.61,56.76,130.21,52.08,78.13
v7,78,0,44.45,43.24,1.21,26.57,4.83,21.74,118.3,33.17,85.13
v7,78,1,283.44,86.83,196.62,106.06,49.3,56.76,156.69,60.29,96.4
v7,78,2,125.15,82.49,42.66,89.01,35.88,53.14,124.22,50.1,74.12
v7,78,3,128.09,36.73,91.35,49.18,22.61,26.57,69.16,33.8,35.36
v7,78,4,101.63,71.44,30.19,47.85,11.62,36.23,89.17,17.41,71.76
v7,78,5,17.48,17.48,0.0,48.31,1.21,47.1,108.16,51.22,56.94
v7,78,6,109.09,83.73,25.36,62.45,6.9,55.55,103.66,52.84,50.82
v7,78,7,185.34,77.51,107.83,60.02,8.09,51.93,146.63,47.7,98.94
v7,78,8,122.43,36.62,85.81,86.39,30.84,55.55,107.89,56.05,51.84
v7,78,9,142.79,87.37,55.41,44.68,3.62,41.06,100.73,18.66,82.07
v7,79,0,125.13,65.02,60.11,45.75,5.9,39.85,82.52,59.88,22.64
v7,79,1,198.54,72.49,126.05,95.87,41.53,54.34,64.58,28.67,35.9
v7,79,2,77.87,34.4,43.47,47.94,17.75,30.19,154.64,54.09,100.55
v7,79,3,146.41,47.61,98.8,36.23,7.25,28.98,126.35,57.87,68.47
v7,79,4,56.53,40.97,15.56,88.49,37.77,50.72,87.23,60.16,27.08
v7,79,5,59.75,58.55,1.21,82.19,30.27,51.93,100.71,64.14,36.57
v7,79,6,137.0,70.47,66.54,49.26,4.58,44.68,118.61,53.2,65.41
v7,79,7,71.32,26.64,44.68,83.0,44.36,38.64,58.05,31.62,26.43
v7,79,8,0.0,0.0,0.0,20.53,6.04,14.49,32.14,25.72,6.43
v7,79,9,133.55,79.21,54.34,19.37,19.37,0.0,111.97,30.84,81.13
v7,80,0,96.81,59.64,37.16,48.19,8.34,39.85,75.04,34.19,40.85
v7,80,1,185.1,53.29,131.81,78.5,22.95,55.55,31.21,8.71,22.5
v7,80,2,69.64,29.13,40.51,15.43,6.97,8.45,33.87,20.74,13.13
v7,80,3,261.32,86.71,174.61,24.41,18.37,6.04,163.94,65.26,98.68
v7,80,4,147.91,85.8,62.12,85.06,24.68,60.38,105.19,57.71,47.47
v7,80,5,4.72,1.09,3.62,0.0,0.0,0.0,6.43,5.36,1.07
v7,80,6,57.62,3.28,54.34,29.75,22.5,7.25,31.07,23.57,7.5
v7,80,7,28.17,26.96,1.21,37.44,2.42,35.02,64.85,41.28,23.57
v7,80,8,38.43,38.43,0.0,48.08,7.02,41.06,109.12,31.48,77.64
v7,80,9,120.14,59.8,60.35,109.45,52.7,56.76,62.54,14.15,48.39
v7,81,0,190.88,54.37,136.51,106.04,50.49,55.55,166.45,59.33,107.12
v7,81,1,141.75,64.24,77.51,61.07,9.14,51.93,99.84,55.21,44.63
v7,81,2,1.21,0.0,1.21,22.81,5.9,16.91,105.2,19.94,85.26
v7,81,3,140.21,69.69,70.52,43.47,4.83,38.64,126.89,62.43,64.46
v7,81,4,147.21,53.19,94.02,62.39,14.08,48.31,120.94,59.04,61.91
v7,81,5,20.24,19.03,1.21,57.97,7.25,50.72,128.63,33.96,94.67
v7,81,6,130.41,84.52,45.89,65.15,13.22,51.93,74.72,8.75,65.98
v7,81,7,104.88,53.08,51.79,42.27,9.66,32.61,103.86,25.18,78.68
v7,81,8,98.1,11.46,86.64,93.83,49.14,44.68,126.13,28.81,97.32
v7,81,9,264.17,90.77,173.4,92.52,39.39,53.14,165.56,67.28,98.27
v7,82,0,222.8,72.21,150.59,71.06,32.41,38.64,46.75,16.48,30.27
v7,82,1,190.77,55.04,135.73,35.82,12.88,22.94,71.69,43.43,28.27
v7,82,2,121.62,64.06,57.56,52.61,10.35,42.27,112.05,55.21,56.84
v7,82,3,136.64,86.33,50.31,43.47,3.62,39.85,103.87,28.49,75.38
v7,82,4,156.55,50.89,105.66,38.64,4.83,33.81,86.27,26.1,60.17
v7,82,5,147.6,75.97,71.62,49.63,17.02,32.61,136.76,60.22,76.54
v7,82,6,220.6,53.51,167.09,61.0,15.11,45.89,81.29,44.54,36.76
v7,82,7,203.36,72.63,130.72,90.67,35.12,55.55,54.79,31.46,23.34
v7,82,8,203.67,77.64,126.03,77.66,19.69,57.97,105.25,19.71,85.53
v7,82,9,173.01,79.4,93.61,47.1,9.66,37.44,73.53,45.25,28.28
v7,83,0,35.15,21.47,13.67,36.23,4.83,31.4,137.57,45.45,92.12
v7,83,1,161.44,68.37,93.07,44.68,3.62,41.06,82.92,7.59,75.33
v7,83,2,193.71,79.85,113.85,62.0,11.28,50.72,53.33,40.05,13.28
v7,83,3,47.18,34.85,12.33,42.15,8.34,33.81,135.58,47.62,87.97
v7,83,4,208.92,37.94,170.99,73.2,43.01,30.19,116.88,23.98,92.9
v7,83,5,150.66,72.22,78.44,37.21,9.43,27.78,85.97,16.89,69.09
v7,83,6,26.71,20.67,6.04,38.64,4.83,33.81,137.55,36.86,100.69
v7,83,7,155.63,44.29,111.34,38.51,13.15,25.36,130.08,54.07,76.01
v7,83,8,67.12,45.38,21.74,36.23,4.83,31.4,105.7,29.38,76.32
v7,83,9,156.3,70.72,85.59,61.84,13.54,48.31,125.75,58.58,67.16
v7,84,0,187.08,84.43,102.65,100.18,45.84,54.34,170.12,61.25,108.87
v7,84,1,138.87,89.79,49.09,83.15,25.18,57.97,150.44,48.14,102.3
v7,84,2,297.32,91.45,205.87,101.5,43.54,57.97,85.62,41.21,44.41
v7,84,3,262.75,79.69,183.06,84.11,32.18,51.93,165.15,59.51,105.64
v7,84,4,280.14,82.86,197.28,106.81,46.43,60.38,159.95,58.99,100.96
v7,84,5,198.44,55.23,143.21,65.85,17.55,48.31,57.97,1.21,56.76
v7,84,6,139.45,0.0,139.45,35.71,23.64,12.08,61.91,52.25,9.66
v7,84,7,277.66,81.58,196.07,65.63,33.02,32.61,95.31,38.82,56.49
v7,84,8,201.07,86.91,114.16,36.62,16.09,20.53,101.56,29.43,72.13
v7,84,9,264.89,67.47,197.42,49.24,16.64,32.61,122.69,47.32,75.36
v7,85,0,228.56,53.95,174.61,85.89,40.0,45.89,113.12,34.58,78.54
v7,85,1,184.94,43.32,141.63,12.37,8.75,3.62,28.13,9.64,18.49
v7,85,2,254.48,69.0,185.48,98.58,41.82,56.76,163.82,65.01,98.82
v7,85,3,283.43,93.25,190.17,101.57,42.4,59.17,172.65,71.03,101.62
v7,85,4,227.06,87.69,139.37,105.65,48.89,56.76,112.11,36.2,75.91
v7,85,5,217.25,34.32,182.93,69.92,42.15,27.78,164.72,69.0,95.72
v7,85,6,144.16,50.19,93.97,72.83,31.78,41.06,123.22,59.03,64.19
v7,85,7,89.65,49.15,40.5,94.14,34.96,59.17,59.68,39.32,20.36
v7,85,8,123.9,47.74,76.16,89.85,28.26,61.59,120.87,57.9,62.98
v7,85,9,151.77,60.55,91.22,46.96,5.9,41.06,99.92,55.41,44.51
v7,86,0,109.26,1.07,108.19,54.82,19.8,35.02,150.38,73.43,76.94
v7,86,1,177.55,69.58,107.97,44.8,15.82,28.98,169.43,61.11,108.32
v7,86,2,186.83,75.41,111.42,59.04,4.69,54.34,148.1,59.19,88.9
v7,86,3,213.45,42.47,170.99,53.4,37.7,15.7,119.61,22.68,96.93
v7,86,4,94.83,8.34,86.49,35.19,27.95,7.25,100.56,41.55,59.0
v7,86,5,176.6,74.31,102.29,51.93,6.04,45.89,89.76,32.69,57.08
v7,86,6,185.46,75.23,110.23,33.81,3.62,30.19,121.02,51.84,69.19
v7,86,7,159.88,35.04,124.84,81.36,45.13,36.23,140.49,39.27,101.22
v7,86,8,233.69,43.65,190.03,97.63,48.12,49.51,167.59,68.38,99.21
v7,86,9,168.74,92.54,76.2,100.39,42.42,57.97,91.23,11.19,80.04
v7,87,0,193.98,76.8,117.19,85.1,36.79,48.31,68.27,39.34,28.93
v7,87,1,189.47,23.7,165.76,61.13,12.83,48.31,79.43,12.01,67.42
v7,87,2,125.75,73.34,52.42,58.79,9.27,49.51,82.14,7.75,74.39
v7,87,3,134.35,70.77,63.58,99.65,40.48,59.17,64.83,34.83,30.0
v7,87,4,103.0,59.68,43.32,86.07,31.72,54.34,60.2,40.92,19.29
v7,87,5,139.48,52.7,86.78,23.59,23.59,0.0,87.8,23.05,64.75
v7,87,6,160.71,71.53,89.17,71.77,13.81,57.97,114.81,49.67,65.14
v7,87,7,146.56,17.14,129.42,10.73,4.69,6.04,95.06,17.43,77.63
v7,87,8,214.3,43.46,170.85,14.88,10.05,4.83,141.4,49.17,92.23
v7,87,9,130.82,47.0,83.82,79.05,39.2,39.85,58.87,22.93,35.94
v7,88,0,70.84,35.86,34.99,37.3,7.11,30.19,135.66,56.42,79.24
v7,88,1,194.48,59.83,134.66,53.46,34.14,19.32,154.73,56.71,98.02
v7,88,2,110.56,24.17,86.39,55.8,36.47,19.32,62.18,46.48,15.7
v7,88,3,148.49,36.93,111.56,100.39,44.84,55.55,151.96,64.03,87.93
v7,88,4,99.5,57.23,42.27,44.55,9.52,35.02,146.21,50.08,96.13
v7,88,5,75.53,61.04,14.49,65.78,13.85,51.93,133.1,37.77,95.33
v7,88,6,133.76,78.64,55.12,74.93,20.58,54.34,118.3,50.61,67.69
v7,88,7,107.79,80.15,27.64,63.78,9.43,54.34,123.45,35.37,88.09
v7,88,8,76.48,26.06,50.41,72.25,42.06,30.19,101.23,45.82,55.41
v7,88,9,127.43,75.25,52.18,71.55,15.99,55.55,117.14,23.82,93.32
v7,89,0,148.81,71.83,76.98,57.37,16.31,41.06,92.49,49.99,42.5
v7,89,1,139.16,46.65,92.51,70.98,17.85,53.14,99.52,53.93,45.58
v7,89,2,128.5,80.74,47.76,86.37,30.81,55.55,147.26,54.09,93.17
v7,89,3,19.76,19.76,0.0,55.32,10.64,44.68,127.91,41.03,86.88
v7,89,4,108.08,70.53,37.55,105.03,45.86,59.17,44.81,38.25,6.56
v7,89,5,262.2,88.51,173.69,99.93,45.59,54.34,164.44,54.77,109.67
v7,89,6,181.13,87.39,93.73,59.74,12.65,47.1,104.36,46.3,58.07
v7,89,7,127.28,33.14,94.14,97.15,41.6,55.55,116.93,48.19,68.75
v7,89,8,122.16,73.86,48.31,45.5,8.07,37.44,101.9,54.48,47.42
v7,89,9,57.08,11.62,45.46,64.1,12.17,51.93,64.12,18.3,45.82
v7,90,0,154.86,48.26,106.61,83.34,39.87,43.47,81.41,17.21,64.21
v7,90,1,247.66,93.43,154.23,96.44,38.47,57.97,131.65,46.64,85.01
v7,90,2,117.19,6.04,111.15,75.34,30.66,44.68,117.09,53.64,63.46
v7,90,3,183.11,74.79,108.32,109.75,51.78,57.97,54.18,17.34,36.84
v7,90,4,248.66,87.98,160.68,107.15,47.98,59.17,142.25,63.98,78.27
v7,90,5,181.33,4.31,177.02,46.79,31.09,15.7,86.57,24.0,62.57
v7,90,6,181.78,34.81,146.97,90.72,35.17,55.55,127.28,56.24,71.04
v7,90,7,178.1,10.87,167.23,30.45,29.25,1.21,108.34,22.65,85.69
v7,90,8,258.75,69.65,189.1,101.14,52.83,48.31,164.8,60.35,104.45
v7,90,9,240.05,47.6,192.45,71.11,40.91,30.19,114.82,37.99,76.83
v7,91,0,142.58,67.04,75.54,73.24,27.35,45.89,151.9,52.83,99.07
v7,91,1,14.09,12.88,1.21,38.9,13.54,25.36,139.47,52.73,86.74
v7,91,2,43.21,38.65,4.56,65.35,13.42,51.93,127.01,58.12,68.88
v7,91,3,63.82,24.94,38.88,43.07,8.04,35.02,165.28,65.4,99.89
v7,91,4,226.75,87.97,138.79,40.83,8.23,32.61,100.64,53.16,47.49
v7,91,5,115.03,26.92,88.1,74.57,38.34,36.23,163.37,61.34,102.03
v7,91,6,83.75,46.59,37.16,49.24,5.77,43.47,134.91,53.02,81.89
v7,91,7,140.86,45.0,95.86,69.3,35.49,33.81,103.59,42.08,61.52
v7,91,8,188.51,75.89,112.63,76.61,23.47,53.14,89.39,42.06,47.33
v7,91,9,25.19,5.36,19.83,54.99,18.76,36.23,149.95,50.88,99.07
v7,92,0,277.31,80.97,196.35,42.23,30.16,12.08,95.55,33.49,62.06
v7,92,1,148.53,48.79,99.74,22.94,3.62,19.32,125.0,41.49,83.51
v7,92,2,276.45,83.59,192.86,104.1,44.92,59.17,98.52,37.08,61.43
v7,92,3,200.38,26.98,173.4,61.58,42.26,19.32,125.21,36.45,88.77
v7,92,4,186.12,89.83,96.28,109.14,48.76,60.38,119.81,56.23,63.58
v7,92,5,278.57,84.64,193.93,110.48,54.93,55.55,155.06,66.44,88.61
v7,92,6,149.8,63.67,86.13,95.99,38.02,57.97,96.39,54.29,42.1
v7,92,7,185.78,70.21,115.57,32.33,9.39,22.94,93.69,41.23,52.45
v7,92,8,271.25,83.36,187.89,69.82,25.13,44.68,51.8,15.7,36.09
v7,92,9,124.05,8.34,115.71,26.33,21.5,4.83,74.92,43.54,31.38
v7,93,0,232.93,84.75,148.18,57.33,12.65,44.68,112.42,43.49,68.94
v7,93,1,112.87,26.64,86.23,71.38,39.98,31.4,65.41,28.95,36.47
v7,93,2,259.56,76.23,183.33,49.24,21.47,27.78,94.94,21.17,73.77
v7,93,3,120.27,90.08,30.19,97.22,39.25,57.97,104.64,63.62,41.02
v7,93,4,195.97,84.14,111.83,43.47,6.04,37.44,117.43,45.59,71.84
v7,93,5,164.05,66.32,97.73,48.17,7.11,41.06,94.16,37.22,56.94
v7,93,6,143.41,31.47,111.95,94.81,48.92,45.89,68.63,37.25,31.38
v7,93,7,212.05,67.64,144.42,38.76,19.44,19.32,144.34,54.11,90.23
v7,93,8,174.08,76.06,98.02,78.87,23.31,55.55,38.59,31.34,7.25
v7,93,9,246.5,73.9,172.6,45.62,8.18,37.44,121.22,45.59,75.64
v7,94,0,141.64,57.43,84.21,37.44,6.04,31.4,103.55,52.06,51.48
v7,94,1,215.15,58.8,156.36,13.27,12.06,1.21,108.06,25.48,82.57
v7,94,2,59.79,27.08,32.71,37.44,4.83,32.61,138.09,38.34,99.75
v7,94,3,122.69,84.18,38.51,100.45,48.52,51.93,109.54,52.56,56.98
v7,94,4,10.99,9.78,1.21,39.44,9.25,30.19,120.87,39.09,81.77
v7,94,5,68.94,49.64,19.3,45.78,5.92,39.85,135.73,47.25,88.48
v7,94,6,166.4,57.81,108.6,60.99,33.22,27.78,143.68,47.3,96.38
v7,94,7,31.89,19.29,12.6,50.72,4.83,45.89,99.65,51.34,48.31
v7,94,8,158.36,38.09,120.26,91.59,43.29,48.31,79.11,44.51,34.59
v7,94,9,176.74,80.42,96.32,94.23,35.06,59.17,98.56,53.02,45.55
v7,95,0,145.0,65.38,79.61,100.41,46.07,54.34,102.02,57.78,44.24
v7,95,1,255.57,89.01,166.56,60.22,16.75,43.47,81.0,18.53,62.47
v7,95,2,277.24,83.04,194.2,55.97,20.95,35.02,139.5,42.03,97.47
v7,95,3,266.92,76.75,190.17,79.41,27.49,51.93,114.13,46.66,67.47
v7,95,4,155.13,61.65,93.48,18.11,4.83,13.28,121.9,63.34,58.56
v7,95,5,201.57,76.07,125.5,66.56,17.04,49.51,115.32,28.42,86.9
v7,95,6,261.36,92.38,168.98,100.68,41.51,59.17,151.43,61.09,90.35
v7,95,7,159.72,66.79,92.93,59.38,32.82,26.57,117.25,54.25,63.0
v7,95,8,66.87,62.03,4.83,64.65,35.67,28.98,108.3,53.91,54.39
v7,95,9,201.13,22.1,179.03,29.43,27.01,2.42,148.44,58.22,90.23
v7,96,0,173.8,53.38,120.42,64.9,22.63,42.27,26.55,1.21,25.34
v7,96,1,115.79,60.51,55.28,49.24,6.97,42.27,79.85,53.04,26.8
v7,96,2,40.22,39.01,1.21,59.86,13.97,45.89,105.68,54.09,51.58
v7,96,3,86.37,21.45,64.92,66.5,31.48,35.02,84.95,54.39,30.56
v7,96,4,43.92,43.92,0.0,45.53,11.71,33.81,148.12,53.59,94.53
v7,96,5,51.89,45.85,6.04,50.61,7.13,43.47,116.02,25.12,90.91
v7,96,6,125.69,15.01,110.68,69.12,37.73,31.4,114.39,29.54,84.85
v7,96,7,58.48,54.86,3.62,52.57,15.13,37.44,128.44,41.93,86.5
v7,96,8,19.65,17.23,2.42,52.86,8.18,44.68,108.37,54.11,54.25
v7,96,9,90.88,84.84,6.04,51.36,13.92,37.44,131.29,37.42,93.87
v7,97,0,204.94,72.06,132.89,36.75,17.43,19.32,94.83,46.54,48.29
v7,97,1,4.83,0.0,4.83,19.19,4.69,14.49,111.57,48.58,63.0
v7,97,2,127.55,27.9,99.65,16.38,9.14,7.25,124.06,40.77,83.29
v7,97,3,169.59,87.14,82.46,73.89,15.93,57.97,100.94,25.21,75.74
v7,97,4,117.3,41.14,76.16,17.98,5.9,12.08,120.89,29.17,91.73
v7,97,5,17.42,15.27,2.14,55.81,13.54,42.27,118.05,47.41,70.63
v7,97,6,48.33,47.13,1.21,50.18,15.15,35.02,137.11,45.41,91.71
v7,97,7,125.92,43.19,82.73,44.57,5.92,38.64,139.79,64.6,75.19
v7,97,8,95.96,26.75,69.21,76.67,19.92,56.76,58.76,39.85,18.91
v7,97,9,144.92,50.25,94.67,90.31,35.97,54.34,17.16,12.47,4.69
v7,98,0,163.29,24.91,138.38,97.22,36.83,60.38,106.27,24.77,81.5
v7,98,1,38.75,35.12,3.62,51.7,8.23,43.47,109.16,47.35,61.81
v7,98,2,39.34,36.93,2.42,35.02,6.04,28.98,147.62,50.81,96.81
v7,98,3,149.84,62.83,87.01,58.15,30.38,27.78,55.14,31.41,23.73
v7,98,4,28.38,28.38,0.0,34.63,10.48,24.15,134.1,42.64,91.45
v7,98,5,24.25,23.04,1.21,95.08,49.19,45.89,64.65,4.83,59.82
v7,98,6,118.57,9.55,109.02,101.29,39.7,61.59,62.71,12.94,49.77
v7,98,7,45.69,45.69,0.0,39.85,8.45,31.4,107.7,32.59,75.11
v7,98,8,177.8,30.56,147.24,86.62,33.48,53.14,106.11,48.23,57.88
v7,98,9,29.35,16.48,12.88,48.99,13.97,35.02,96.26,49.63,46.64
v7,99,0,156.71,58.18,98.53,45.89,6.04,39.85,67.42,46.5,20.92
v7,99,1,49.78,48.57,1.21,51.12,23.34,27.78,168.02,58.35,109.67
v7,99,2,144.18,43.72,100.45,93.87,43.15,50.72,65.83,17.32,48.51
v7,99,3,144.35,20.6,123.75,77.68,26.96,50.72,73.01,47.69,25.32
v7,99,4,268.49,71.08,197.42,49.49,20.51,28.98,72.28,16.73,55.55
v7,99,5,153.57,48.81,104.76,35.24,26.79,8.45,103.77,13.01,90.75
v7,99,6,140.82,65.42,75.4,52.63,33.3,19.32,106.45,51.72,54.73
v7,99,7,106.97,56.41,50.57,87.74,40.64,47.1,77.59,53.59,24.0
v7,99,8,207.4,79.59,127.8,73.42,26.32,47.1,12.24,11.03,1.21
v7,99,9,183.69,59.8,123.89,16.79,9.55,7.25,67.89,15.29,52.59
v7,100,0,169.3,59.71,109.59,47.94,11.71,36.23,102.02,58.69,43.32
v7,100,1,145.84,29.57,116.27,86.69,32.34,54.34,113.01,57.53,55.48
v7,100,2,139.94,49.98,89.96,53.93,5.63,48.31,105.56,58.79,46.77
v7,100,3,86.0,31.16,54.83,45.89,3.62,42.27,104.32,25.09,79.22
v7,100,4,174.68,67.39,107.29,33.18,10.23,22.94,134.19,36.17,98.02
v7,100,5,75.98,55.45,20.53,46.98,10.75,36.23,101.08,31.93,69.15
v7,100,6,127.91,38.99,88.92,20.26,8.18,12.08,121.1,44.7,76.4
v7,100,7,128.11,76.32,51.79,77.73,24.59,53.14,148.51,51.97,96.54
v7,100,8,162.41,70.99,91.42,43.47,4.83,38.64,114.81,56.51,58.3
v7,100,9,86.64,64.11,22.54,57.74,11.85,45.89,117.69,58.99,58.69